protocol_id,reported_as,noise_type,noise_rate,graph_beta,method,macro_f1_mean,macro_f1_std,fnr_mean,err_tail_mean,err_final_mean,retained_fraction_mean,retained_clean_informative_mean,seeds,cold_macro_f1_mean,macro_f1_delta_vs_cold
p2_canonical_scenario_mean_v1,CESNET-TLS-Year22,asymmetric,0.1,none,Co-Teaching,0.9363493829966264,0.015375826469021891,0.03168893456663233,0.8131733085915299,0.8161367160337516,0.8422222222222221,0.8135414831688034,3,0.9287434756352212,0.007605907361405206
p2_canonical_scenario_mean_v1,CESNET-TLS-Year22,asymmetric,0.1,none,CoLD,0.9287434756352212,0.006112635008366587,0.044193216855087335,0.9105759935572552,0.9073725192836722,0.9297777777777778,0.9350043204089028,3,0.9287434756352212,0.0
p2_canonical_scenario_mean_v1,CESNET-TLS-Year22,asymmetric,0.1,none,Graph-CoLD,0.9303765768566029,0.008977290831101973,0.04436450839328534,0.9647645665375348,0.960781666702546,0.9397777777777777,0.9678669728698731,3,0.9287434756352212,0.0016331012213817164
p2_canonical_scenario_mean_v1,CESNET-TLS-Year22,asymmetric,0.1,none,MCRe,0.8906879024816359,0.004126424378156826,0.09018499486125382,0.8997909961300432,0.8899383517072267,0.9057777777777778,0.9050483465361655,3,0.9287434756352212,-0.03805557315358532
p2_canonical_scenario_mean_v1,CESNET-TLS-Year22,asymmetric,0.1,none,MORSE,0.8895233487713371,0.009692161294369159,0.09343953408701607,0.9807627939372049,0.9768759348474818,0.9899999999999999,0.9802073369721281,3,0.9287434756352212,-0.0392201268638841
p2_canonical_scenario_mean_v1,CESNET-TLS-Year22,asymmetric,0.2,none,Co-Teaching,0.905303915233261,0.0246948041089485,0.0650907845152449,0.7138312493793109,0.7157442278731431,0.7233333333333333,0.6952582433701928,3,0.8691651155403579,0.03613879969290312
p2_canonical_scenario_mean_v1,CESNET-TLS-Year22,asymmetric,0.2,none,CoLD,0.8691651155403579,0.014938172411512391,0.1364337101747173,0.9042249852474251,0.9002345752217552,0.931111111111111,0.9281602060182813,3,0.8691651155403579,0.0
p2_canonical_scenario_mean_v1,CESNET-TLS-Year22,asymmetric,0.2,none,Graph-CoLD,0.8719086082897891,0.017658261832221096,0.13677629325111337,0.9635911467235504,0.9583492246457949,0.9411111111111111,0.9659161012439764,3,0.8691651155403579,0.002743492749431198
p2_canonical_scenario_mean_v1,CESNET-TLS-Year22,asymmetric,0.2,none,MCRe,0.819937157379548,0.01780944865728298,0.2137718396711202,0.795126666809899,0.7843092834435498,0.8064444444444444,0.8067672139302599,3,0.8691651155403579,-0.04922795816080994
p2_canonical_scenario_mean_v1,CESNET-TLS-Year22,asymmetric,0.2,none,MORSE,0.8063219628576029,0.021775271590076795,0.2073484069886947,0.9799687702272677,0.9748878607301891,0.9837777777777778,0.9781374764370149,3,0.8691651155403579,-0.06284315268275498
p2_canonical_scenario_mean_v1,CESNET-TLS-Year22,asymmetric,0.4,none,Co-Teaching,0.8258807896679582,0.027577683281013725,0.09737923946557032,0.6858169065501847,0.6880640802422159,0.49444444444444446,0.6941731393132516,3,0.6382210394606617,0.18765975020729653
p2_canonical_scenario_mean_v1,CESNET-TLS-Year22,asymmetric,0.4,none,CoLD,0.6382210394606617,0.014325155099398627,0.4415895854744775,0.8676812699348958,0.8649353303838861,0.9551111111111111,0.8930072335436269,3,0.6382210394606617,0.0
p2_canonical_scenario_mean_v1,CESNET-TLS-Year22,asymmetric,0.4,none,Graph-CoLD,0.6700288168505603,0.012387510569179935,0.42591640972935935,0.9458940007046314,0.9423616783333343,0.9651111111111111,0.9484544364003696,3,0.6382210394606617,0.031807777389898595
p2_canonical_scenario_mean_v1,CESNET-TLS-Year22,asymmetric,0.4,none,MCRe,0.6393675313997699,0.0070960653045735326,0.4360226104830421,0.5999067256927989,0.5943451502692997,0.606,0.6061479215880871,3,0.6382210394606617,0.0011464919391082073
p2_canonical_scenario_mean_v1,CESNET-TLS-Year22,asymmetric,0.4,none,MORSE,0.6563989680065175,0.006905557875801991,0.3782117163412127,0.9133565633063716,0.9129337379537947,0.9480000000000001,0.9231239788941369,3,0.6382210394606617,0.01817792854585587
p2_canonical_scenario_mean_v1,CESNET-TLS-Year22,asymmetric,0.6,none,Co-Teaching,0.7895506407147755,0.02836040493536301,0.18199725933538882,0.787854752884661,0.7878668117605608,0.3291111111111111,0.7941953771616984,3,0.35885175120347484,0.4306988895113007
p2_canonical_scenario_mean_v1,CESNET-TLS-Year22,asymmetric,0.6,none,CoLD,0.35885175120347484,0.005112367397285007,0.7481157930798218,0.7470366468301224,0.7405530031480305,0.9471111111111111,0.7800493835467929,3,0.35885175120347484,0.0
p2_canonical_scenario_mean_v1,CESNET-TLS-Year22,asymmetric,0.6,none,Graph-CoLD,0.36089507501498735,0.00914639360385958,0.750171291538198,0.8544505175273063,0.8485802194405293,0.9571111111111111,0.8581747340167029,3,0.35885175120347484,0.0020433238115125096
p2_canonical_scenario_mean_v1,CESNET-TLS-Year22,asymmetric,0.6,none,MCRe,0.561522287186846,0.012613106815290712,0.5034258307639603,0.42725649879477473,0.41788636013148545,0.4066666666666667,0.41789050759258006,3,0.35885175120347484,0.2026705359833712
p2_canonical_scenario_mean_v1,CESNET-TLS-Year22,asymmetric,0.6,none,MORSE,0.556290901424766,0.050530740944409465,0.40150736553614247,0.7655070080509311,0.7488564725678927,0.8306666666666667,0.7470498844851177,3,0.35885175120347484,0.19743915022129116
p2_canonical_scenario_mean_v1,CESNET-TLS-Year22,clean,0.0,none,Co-Teaching,0.9739431604366228,0.003840859334551293,0.0011990407673860665,1.0,1.0,1.0,1.0,3,0.9663207842392847,0.007622376197338077
p2_canonical_scenario_mean_v1,CESNET-TLS-Year22,clean,0.0,none,CoLD,0.9663207842392847,0.002235073475070329,0.0012846865364850666,1.0,1.0,0.9733333333333333,0.9733333333333333,3,0.9663207842392847,0.0
p2_canonical_scenario_mean_v1,CESNET-TLS-Year22,clean,0.0,none,Graph-CoLD,0.9682614706241731,0.0033418822505440968,0.0011990407673860334,1.0,1.0,0.9833333333333334,0.9833333333333334,3,0.9663207842392847,0.0019406863848884237
p2_canonical_scenario_mean_v1,CESNET-TLS-Year22,clean,0.0,none,MCRe,0.9732716242303798,0.005218938643381723,0.0011990407673860334,1.0,1.0,1.0,1.0,3,0.9663207842392847,0.006950839991095137
p2_canonical_scenario_mean_v1,CESNET-TLS-Year22,clean,0.0,none,MORSE,0.9677796306638836,0.0057813816995236945,0.0022267899965741334,1.0,1.0,1.0,1.0,3,0.9663207842392847,0.0014588464245989252
p2_canonical_scenario_mean_v1,CESNET-TLS-Year22,graph_consistency,0.1,0.0,Co-Teaching,0.9440172133016116,0.01357543293788299,0.0023124357656731337,0.8421732060933094,0.8416031702487778,0.8533333333333334,0.8443959265159776,3,0.9561389468099389,-0.012121733508327348
p2_canonical_scenario_mean_v1,CESNET-TLS-Year22,graph_consistency,0.1,0.0,CoLD,0.9561389468099389,0.009424765569014684,0.003854059609455233,0.9089999802555865,0.9065200367660697,0.8793333333333333,0.9392949557053839,3,0.9561389468099389,0.0
p2_canonical_scenario_mean_v1,CESNET-TLS-Year22,graph_consistency,0.1,0.0,Graph-CoLD,0.9675510588834232,0.002269533574061938,0.0011990407673860334,0.9667604160051498,0.9626060137099643,0.8886666666666668,0.9705261384005635,3,0.9561389468099389,0.011412112073484248
p2_canonical_scenario_mean_v1,CESNET-TLS-Year22,graph_consistency,0.1,0.0,MCRe,0.9432840045150699,0.0136120177296223,0.0026550188420691335,0.9897925767712508,0.9829662688053927,0.907111111111111,0.9842732003744704,3,0.9561389468099389,-0.012854942294869054
p2_canonical_scenario_mean_v1,CESNET-TLS-Year22,graph_consistency,0.1,0.0,MORSE,0.940241375491301,0.01142973731935668,0.002569373072970133,0.9982878292931731,0.9956021472649789,0.9902222222222221,0.9976579929581187,3,0.9561389468099389,-0.015897571318637893
p2_canonical_scenario_mean_v1,CESNET-TLS-Year22,graph_consistency,0.1,0.6,Co-Teaching,0.909950459196348,0.0024687482804030478,0.003168893456663167,0.7814704156973314,0.7865225130035732,0.8411111111111111,0.7881495528386989,3,0.9197158607986756,-0.009765401602327639
p2_canonical_scenario_mean_v1,CESNET-TLS-Year22,graph_consistency,0.1,0.6,CoLD,0.9197158607986756,0.0117703224538478,0.0023124357656731337,0.9320481492568412,0.9309975199799854,0.939111111111111,0.9589651610304282,3,0.9197158607986756,0.0
p2_canonical_scenario_mean_v1,CESNET-TLS-Year22,graph_consistency,0.1,0.6,Graph-CoLD,0.9221202688839681,0.008883076168659252,0.002826310380267167,0.9836649851591271,0.9817385440620571,0.9491111111111111,0.9860770675425033,3,0.9197158607986756,0.00240440808529252
p2_canonical_scenario_mean_v1,CESNET-TLS-Year22,graph_consistency,0.1,0.6,MCRe,0.9181343429646794,0.013377999110291859,0.0035114765330592334,0.965506562337672,0.9581965461166083,0.9066666666666666,0.9661903735964529,3,0.9197158607986756,-0.0015815178339961822
p2_canonical_scenario_mean_v1,CESNET-TLS-Year22,graph_consistency,0.1,0.6,MORSE,0.9117395019603357,0.007944805041248748,0.0033401849948611665,0.9965122477237004,0.9943273502503134,0.9948888888888888,0.9960531155698651,3,0.9197158607986756,-0.007976358838339914
p2_canonical_scenario_mean_v1,CESNET-TLS-Year22,graph_consistency,0.2,0.0,Co-Teaching,0.8965004001230003,0.007164655652676067,0.004110996916752233,0.7357905235875536,0.7363770716184451,0.7115555555555556,0.7446418064662681,3,0.9544152700726096,-0.05791486994960937
p2_canonical_scenario_mean_v1,CESNET-TLS-Year22,graph_consistency,0.2,0.0,CoLD,0.9544152700726096,0.0041975457001279005,0.0014559780746830665,0.9082935553223734,0.9037054255796059,0.7875555555555556,0.9330803467496439,3,0.9544152700726096,0.0
p2_canonical_scenario_mean_v1,CESNET-TLS-Year22,graph_consistency,0.2,0.0,Graph-CoLD,0.9526847847135698,0.008604120275916479,0.0011133949982870333,0.9613440617913808,0.9555831492357565,0.7957777777777778,0.9645517726614191,3,0.9544152700726096,-0.0017304853590398572
p2_canonical_scenario_mean_v1,CESNET-TLS-Year22,graph_consistency,0.2,0.0,MCRe,0.9052780039150482,0.01415188820118217,0.0027406646111681667,1.0,0.9908207907186122,0.8071111111111112,0.9891648022598272,3,0.9544152700726096,-0.04913726615756142
p2_canonical_scenario_mean_v1,CESNET-TLS-Year22,graph_consistency,0.2,0.0,MORSE,0.9024037337700784,0.019288953311763717,0.0023124357656731332,1.0,0.9967543106009433,0.9739999999999999,0.9974766255843605,3,0.9544152700726096,-0.05201153630253119
p2_canonical_scenario_mean_v1,CESNET-TLS-Year22,graph_consistency,0.2,0.6,Co-Teaching,0.8368403466613401,0.022033925795419226,0.0065947242206234324,0.742560360756093,0.7476445286196265,0.7197777777777778,0.7453989565725152,3,0.8664621347288138,-0.02962178806747373
p2_canonical_scenario_mean_v1,CESNET-TLS-Year22,graph_consistency,0.2,0.6,CoLD,0.8664621347288138,0.0029775439144085294,0.0058239122987324005,0.9410414966230971,0.9393588887257155,0.902,0.9639388316054859,3,0.8664621347288138,0.0
p2_canonical_scenario_mean_v1,CESNET-TLS-Year22,graph_consistency,0.2,0.6,Graph-CoLD,0.8678114116945714,0.005698530859379104,0.0045392257622473,0.9897016182785509,0.9874850417746966,0.9113333333333333,0.991221726004173,3,0.8664621347288138,0.0013492769657575954
p2_canonical_scenario_mean_v1,CESNET-TLS-Year22,graph_consistency,0.2,0.6,MCRe,0.8534636381559487,0.014962369141814301,0.005738266529633366,0.9294010886306457,0.919229896104283,0.8055555555555557,0.9237559329047027,3,0.8664621347288138,-0.012998496572865115
p2_canonical_scenario_mean_v1,CESNET-TLS-Year22,graph_consistency,0.2,0.6,MORSE,0.8582725744508967,0.005251228881936913,0.005738266529633366,0.9877720713969201,0.9843212297537431,0.9875555555555556,0.9900629314482741,3,0.8664621347288138,-0.008189560277917174
p2_canonical_scenario_mean_v1,CESNET-TLS-Year22,graph_consistency,0.4,0.0,Co-Teaching,0.8049925240675764,0.06782975362150256,0.0065947242206234324,0.6568042114294986,0.6553530717889807,0.484,0.6521464607062984,3,0.8990260197124611,-0.09403349564488472
p2_canonical_scenario_mean_v1,CESNET-TLS-Year22,graph_consistency,0.4,0.0,CoLD,0.8990260197124611,0.010210682704234813,0.0005995203836930001,0.8735428477152474,0.8704947530091367,0.6188888888888889,0.9131610495657151,3,0.8990260197124611,0.0
p2_canonical_scenario_mean_v1,CESNET-TLS-Year22,graph_consistency,0.4,0.0,Graph-CoLD,0.8966360748574688,0.013220337881923639,0.0013703323055840333,0.9356269913242089,0.9320903223038638,0.6255555555555555,0.9471666146564727,3,0.8990260197124611,-0.002389944854992332
p2_canonical_scenario_mean_v1,CESNET-TLS-Year22,graph_consistency,0.4,0.0,MCRe,0.8602734021832709,0.00999993350870752,0.0089071599862966,0.9914881472737463,0.9791557161130031,0.6064444444444445,0.9762154782337339,3,0.8990260197124611,-0.038752617529190236
p2_canonical_scenario_mean_v1,CESNET-TLS-Year22,graph_consistency,0.4,0.0,MORSE,0.819895909429588,0.022491956090417417,0.0094210346008907,0.9938380344188097,0.988289680877863,0.9342222222222222,0.9929229729026888,3,0.8990260197124611,-0.07913011028287309
p2_canonical_scenario_mean_v1,CESNET-TLS-Year22,graph_consistency,0.4,0.6,Co-Teaching,0.6556773880683605,0.024718170536526536,0.012076053442959834,0.5581775204299481,0.5975699694867515,0.4671111111111111,0.6038822870115168,3,0.7280737289534597,-0.07239634088509916
p2_canonical_scenario_mean_v1,CESNET-TLS-Year22,graph_consistency,0.4,0.6,CoLD,0.7280737289534597,0.026911775915678178,0.013532031517642968,0.953293165374237,0.9585450091935944,0.8215555555555555,0.9777869926113562,3,0.7280737289534597,0.0
p2_canonical_scenario_mean_v1,CESNET-TLS-Year22,graph_consistency,0.4,0.6,Graph-CoLD,0.7290043125934004,0.02450240898164896,0.013360739979444966,0.9827216385289513,0.9854035887863303,0.8302222222222223,0.9894762468884286,3,0.7280737289534597,0.0009305836399406964
p2_canonical_scenario_mean_v1,CESNET-TLS-Year22,graph_consistency,0.4,0.6,MCRe,0.7749354337160085,0.021937264326176237,0.0125899280575539,0.8884339684453034,0.8627192317288381,0.6073333333333334,0.8481286500944897,3,0.7280737289534597,0.046861704762548806
p2_canonical_scenario_mean_v1,CESNET-TLS-Year22,graph_consistency,0.4,0.6,MORSE,0.7641158473847499,0.030438932192760417,0.0097636176772867,0.9785004709119828,0.9756064782237748,0.9591111111111111,0.9782365287521588,3,0.7280737289534597,0.03604211843129024
p2_canonical_scenario_mean_v1,CESNET-TLS-Year22,graph_consistency,0.6,0.0,Co-Teaching,0.6163505717406245,0.05443250340293241,0.019355943816375433,0.4532118702277724,0.44395936120019647,0.3028888888888888,0.43795312042156365,3,0.7856659845070878,-0.16931541276646334
p2_canonical_scenario_mean_v1,CESNET-TLS-Year22,graph_consistency,0.6,0.0,CoLD,0.7856659845070878,0.015219133685752933,0.008393285371702567,0.835097333990587,0.8280174425553873,0.46422222222222215,0.8716948164353494,3,0.7856659845070878,0.0
p2_canonical_scenario_mean_v1,CESNET-TLS-Year22,graph_consistency,0.6,0.0,Graph-CoLD,0.7934689833321941,0.00675298492188324,0.0085645769099006,0.895021468613403,0.886927406614527,0.4691111111111111,0.8985468738624419,3,0.7856659845070878,0.0078029988251062665
p2_canonical_scenario_mean_v1,CESNET-TLS-Year22,graph_consistency,0.6,0.0,MCRe,0.7982774442760224,0.013814647539456252,0.015159301130524133,0.9692811287066886,0.9351867396563005,0.40644444444444444,0.9295378528197603,3,0.7856659845070878,0.01261145976893463
p2_canonical_scenario_mean_v1,CESNET-TLS-Year22,graph_consistency,0.6,0.0,MORSE,0.7464060788147768,0.017515059225837404,0.016529633436108235,0.9919204547330708,0.9790345960275979,0.9162222222222222,0.9834841453354777,3,0.7856659845070878,-0.03925990569231097
p2_canonical_scenario_mean_v1,CESNET-TLS-Year22,graph_consistency,0.6,0.6,Co-Teaching,0.5861595396940644,0.047602042860468485,0.014474134977732034,0.4487318164388861,0.47235033298952245,0.3062222222222222,0.4853050892619238,3,0.6632335680319028,-0.07707402833783839
p2_canonical_scenario_mean_v1,CESNET-TLS-Year22,graph_consistency,0.6,0.6,CoLD,0.6632335680319028,0.04085625477986581,0.017043508050702233,0.9208393630185873,0.9305190549595412,0.6588888888888889,0.946716671458617,3,0.6632335680319028,0.0
p2_canonical_scenario_mean_v1,CESNET-TLS-Year22,graph_consistency,0.6,0.6,Graph-CoLD,0.6655659534960928,0.03933354075494,0.017386091127098265,0.94154961479408,0.948693861776551,0.6657777777777777,0.9533440967910782,3,0.6632335680319028,0.002332385464190012
p2_canonical_scenario_mean_v1,CESNET-TLS-Year22,graph_consistency,0.6,0.6,MCRe,0.7287604010206811,0.03775060349159541,0.014474134977732034,0.8199031073015233,0.7861653373514518,0.40644444444444444,0.7666856238329495,3,0.6632335680319028,0.06552683298877826
p2_canonical_scenario_mean_v1,CESNET-TLS-Year22,graph_consistency,0.6,0.6,MORSE,0.7060996150729858,0.035071273635673784,0.0122473449811579,0.9853171744698267,0.9684910246255414,0.9526666666666667,0.9533473089775873,3,0.6632335680319028,0.04286604704108299
p2_canonical_scenario_mean_v1,CESNET-TLS-Year22,symmetric,0.1,none,Co-Teaching,0.9440172133016116,0.01357543293788299,0.0023124357656731337,0.8421732060933094,0.8416031702487778,0.8533333333333334,0.8443959265159776,3,0.9561389468099389,-0.012121733508327348
p2_canonical_scenario_mean_v1,CESNET-TLS-Year22,symmetric,0.1,none,CoLD,0.9561389468099389,0.009424765569014684,0.003854059609455233,0.9089999802555865,0.9065200367660697,0.8793333333333333,0.9392949557053839,3,0.9561389468099389,0.0
p2_canonical_scenario_mean_v1,CESNET-TLS-Year22,symmetric,0.1,none,Graph-CoLD,0.9675510588834232,0.002269533574061938,0.0011990407673860334,0.9667604160051498,0.9626060137099643,0.8886666666666668,0.9705261384005635,3,0.9561389468099389,0.011412112073484248
p2_canonical_scenario_mean_v1,CESNET-TLS-Year22,symmetric,0.1,none,MCRe,0.9432840045150699,0.0136120177296223,0.0026550188420691335,0.9897925767712508,0.9829662688053927,0.907111111111111,0.9842732003744704,3,0.9561389468099389,-0.012854942294869054
p2_canonical_scenario_mean_v1,CESNET-TLS-Year22,symmetric,0.1,none,MORSE,0.940241375491301,0.01142973731935668,0.002569373072970133,0.9982878292931731,0.9956021472649789,0.9902222222222221,0.9976579929581187,3,0.9561389468099389,-0.015897571318637893
p2_canonical_scenario_mean_v1,CESNET-TLS-Year22,symmetric,0.2,none,Co-Teaching,0.8965004001230003,0.007164655652676067,0.004110996916752233,0.7357905235875536,0.7363770716184451,0.7115555555555556,0.7446418064662681,3,0.9544152700726096,-0.05791486994960937
p2_canonical_scenario_mean_v1,CESNET-TLS-Year22,symmetric,0.2,none,CoLD,0.9544152700726096,0.0041975457001279005,0.0014559780746830665,0.9082935553223734,0.9037054255796059,0.7875555555555556,0.9330803467496439,3,0.9544152700726096,0.0
p2_canonical_scenario_mean_v1,CESNET-TLS-Year22,symmetric,0.2,none,Graph-CoLD,0.9526847847135698,0.008604120275916479,0.0011133949982870333,0.9613440617913808,0.9555831492357565,0.7957777777777778,0.9645517726614191,3,0.9544152700726096,-0.0017304853590398572
p2_canonical_scenario_mean_v1,CESNET-TLS-Year22,symmetric,0.2,none,MCRe,0.9052780039150482,0.01415188820118217,0.0027406646111681667,1.0,0.9908207907186122,0.8071111111111112,0.9891648022598272,3,0.9544152700726096,-0.04913726615756142
p2_canonical_scenario_mean_v1,CESNET-TLS-Year22,symmetric,0.2,none,MORSE,0.9024037337700784,0.019288953311763717,0.0023124357656731332,1.0,0.9967543106009433,0.9739999999999999,0.9974766255843605,3,0.9544152700726096,-0.05201153630253119
p2_canonical_scenario_mean_v1,CESNET-TLS-Year22,symmetric,0.4,none,Co-Teaching,0.8049925240675764,0.06782975362150256,0.0065947242206234324,0.6568042114294986,0.6553530717889807,0.484,0.6521464607062984,3,0.8990260197124611,-0.09403349564488472
p2_canonical_scenario_mean_v1,CESNET-TLS-Year22,symmetric,0.4,none,CoLD,0.8990260197124611,0.010210682704234813,0.0005995203836930001,0.8735428477152474,0.8704947530091367,0.6188888888888889,0.9131610495657151,3,0.8990260197124611,0.0
p2_canonical_scenario_mean_v1,CESNET-TLS-Year22,symmetric,0.4,none,Graph-CoLD,0.8966360748574688,0.013220337881923639,0.0013703323055840333,0.9356269913242089,0.9320903223038638,0.6255555555555555,0.9471666146564727,3,0.8990260197124611,-0.002389944854992332
p2_canonical_scenario_mean_v1,CESNET-TLS-Year22,symmetric,0.4,none,MCRe,0.8602734021832709,0.00999993350870752,0.0089071599862966,0.9914881472737463,0.9791557161130031,0.6064444444444445,0.9762154782337339,3,0.8990260197124611,-0.038752617529190236
p2_canonical_scenario_mean_v1,CESNET-TLS-Year22,symmetric,0.4,none,MORSE,0.819895909429588,0.022491956090417417,0.0094210346008907,0.9938380344188097,0.988289680877863,0.9342222222222222,0.9929229729026888,3,0.8990260197124611,-0.07913011028287309
p2_canonical_scenario_mean_v1,CESNET-TLS-Year22,symmetric,0.6,none,Co-Teaching,0.6163505717406245,0.05443250340293241,0.019355943816375433,0.4532118702277724,0.44395936120019647,0.3028888888888888,0.43795312042156365,3,0.7856659845070878,-0.16931541276646334
p2_canonical_scenario_mean_v1,CESNET-TLS-Year22,symmetric,0.6,none,CoLD,0.7856659845070878,0.015219133685752933,0.008393285371702567,0.835097333990587,0.8280174425553873,0.46422222222222215,0.8716948164353494,3,0.7856659845070878,0.0
p2_canonical_scenario_mean_v1,CESNET-TLS-Year22,symmetric,0.6,none,Graph-CoLD,0.7934689833321941,0.00675298492188324,0.0085645769099006,0.895021468613403,0.886927406614527,0.4691111111111111,0.8985468738624419,3,0.7856659845070878,0.0078029988251062665
p2_canonical_scenario_mean_v1,CESNET-TLS-Year22,symmetric,0.6,none,MCRe,0.7982774442760224,0.013814647539456252,0.015159301130524133,0.9692811287066886,0.9351867396563005,0.40644444444444444,0.9295378528197603,3,0.7856659845070878,0.01261145976893463
p2_canonical_scenario_mean_v1,CESNET-TLS-Year22,symmetric,0.6,none,MORSE,0.7464060788147768,0.017515059225837404,0.016529633436108235,0.9919204547330708,0.9790345960275979,0.9162222222222222,0.9834841453354777,3,0.7856659845070878,-0.03925990569231097
p2_canonical_scenario_mean_v1,CICIDS-2017,asymmetric,0.1,none,Co-Teaching,0.7814167300462529,0.038555444532191785,0.14813503305004713,0.8715607930174426,0.8777759737276393,0.8462222222222223,0.8816568047337278,3,0.6134015804667473,0.16801514957950558
p2_canonical_scenario_mean_v1,CICIDS-2017,asymmetric,0.1,none,CoLD,0.6134015804667473,0.07731870114009598,0.16088290840415478,0.41302445647504465,0.5527552872980622,0.9506666666666667,0.9220907297830375,3,0.6134015804667473,0.0
p2_canonical_scenario_mean_v1,CICIDS-2017,asymmetric,0.1,none,Graph-CoLD,0.7370092579935035,0.05576112577245516,0.14978753541076484,0.8222761716314345,0.8589205027465066,0.9606666666666666,0.9664694280078896,3,0.6134015804667473,0.12360767752675617
p2_canonical_scenario_mean_v1,CICIDS-2017,asymmetric,0.1,none,MCRe,0.7568495718045535,0.03424235341901029,0.23253068932955615,0.9628924387957839,0.94200728278103,0.903111111111111,0.8875739644970415,3,0.6134015804667473,0.14344799133780617
p2_canonical_scenario_mean_v1,CICIDS-2017,asymmetric,0.1,none,MORSE,0.7305305408968602,0.026719175913288006,0.20892351274787532,0.9699939427171271,0.9660301732804176,0.9848888888888888,0.9556213017751479,3,0.6134015804667473,0.1171289604301129
p2_canonical_scenario_mean_v1,CICIDS-2017,asymmetric,0.2,none,Co-Teaching,0.7065648504030907,0.05130157139930483,0.28942398489140697,0.8324145137573895,0.8327130234414151,0.6853333333333333,0.8366666666666666,3,0.45617477873883,0.2503900716642607
p2_canonical_scenario_mean_v1,CICIDS-2017,asymmetric,0.2,none,CoLD,0.45617477873883,0.03375063027821831,0.3689801699716713,0.25782191236434726,0.44817443674906476,0.9597777777777777,0.9055555555555554,3,0.45617477873883,0.0
p2_canonical_scenario_mean_v1,CICIDS-2017,asymmetric,0.2,none,Graph-CoLD,0.6257155038847805,0.0388006891284587,0.35210103871576953,0.7203893971082977,0.7877276781867989,0.9697777777777778,0.9555555555555557,3,0.45617477873883,0.16954072514595048
p2_canonical_scenario_mean_v1,CICIDS-2017,asymmetric,0.2,none,MCRe,0.6528720470185744,0.05211214235042056,0.3812559017941454,0.8849628080448418,0.8598815981045714,0.802888888888889,0.8088888888888889,3,0.45617477873883,0.19669726827974437
p2_canonical_scenario_mean_v1,CICIDS-2017,asymmetric,0.2,none,MORSE,0.5994628265633327,0.056439459567325614,0.34631728045325777,0.9852173658040823,0.9759400513786985,0.9833333333333334,0.9533333333333333,3,0.45617477873883,0.14328804782450272
p2_canonical_scenario_mean_v1,CICIDS-2017,asymmetric,0.4,none,Co-Teaching,0.4997491011996526,0.041557027112671466,0.5708215297450425,0.8804088947808899,0.8186759590711707,0.4226666666666667,0.6962962962962963,3,0.17856172150759186,0.32118737969206074
p2_canonical_scenario_mean_v1,CICIDS-2017,asymmetric,0.4,none,CoLD,0.17856172150759186,0.010414338230728628,0.7406751652502361,0.009875133332882634,0.27583344049784614,0.9702222222222222,0.842962962962963,3,0.17856172150759186,0.0
p2_canonical_scenario_mean_v1,CICIDS-2017,asymmetric,0.4,none,Graph-CoLD,0.30147647399066074,0.027919094600965578,0.7352455146364495,0.582628370047313,0.6911927930869993,0.9802222222222223,0.9096296296296297,3,0.17856172150759186,0.12291475248306888
p2_canonical_scenario_mean_v1,CICIDS-2017,asymmetric,0.4,none,MCRe,0.4481430754073434,0.03334852708320017,0.483947119924457,0.8037608901004208,0.7342005267178088,0.604,0.597037037037037,3,0.17856172150759186,0.2695813538997515
p2_canonical_scenario_mean_v1,CICIDS-2017,asymmetric,0.4,none,MORSE,0.3864209959437077,0.032754453518869756,0.4660056657223796,0.8598889218989347,0.8556154305940403,0.8528888888888889,0.845925925925926,3,0.17856172150759186,0.20785927443611585
p2_canonical_scenario_mean_v1,CICIDS-2017,asymmetric,0.6,none,Co-Teaching,0.2533470106385735,0.06994590539743732,0.7824598677998112,0.7949728001164242,0.6879806919633271,0.28333333333333327,0.3444444444444445,3,0.04297837451709124,0.21036863612148227
p2_canonical_scenario_mean_v1,CICIDS-2017,asymmetric,0.6,none,CoLD,0.04297837451709124,0.0018245336576546982,0.9966949952785648,0.0,0.0840116282503056,0.9535555555555556,0.5355555555555555,3,0.04297837451709124,0.0
p2_canonical_scenario_mean_v1,CICIDS-2017,asymmetric,0.6,none,Graph-CoLD,0.0555612656547001,0.012670969682394026,0.9884324834749764,0.13585623295072596,0.2307852589041386,0.9635555555555556,0.6355555555555555,3,0.04297837451709124,0.01258289113760886
p2_canonical_scenario_mean_v1,CICIDS-2017,asymmetric,0.6,none,MCRe,0.299645164950417,0.053076183570406096,0.5375354107648725,0.8012690279452497,0.6561235923143355,0.4026666666666667,0.24888888888888885,3,0.04297837451709124,0.25666679043332574
p2_canonical_scenario_mean_v1,CICIDS-2017,asymmetric,0.6,none,MORSE,0.2952960376928992,0.05263533046718377,0.5370632672332389,0.841785633209217,0.7628283405495312,0.5648888888888889,0.42,3,0.04297837451709124,0.25231766317580795
p2_canonical_scenario_mean_v1,CICIDS-2017,clean,0.0,none,Co-Teaching,0.8315106587984765,0.05221167405020339,0.09419263456090647,1.0,1.0,1.0,1.0,3,0.6711498730106901,0.16036078578778645
p2_canonical_scenario_mean_v1,CICIDS-2017,clean,0.0,none,CoLD,0.6711498730106901,0.03709757095309322,0.11012747875354105,1.0,1.0,0.976,0.976,3,0.6711498730106901,0.0
p2_canonical_scenario_mean_v1,CICIDS-2017,clean,0.0,none,Graph-CoLD,0.7786885380574469,0.03897792805115514,0.1087110481586402,1.0,1.0,0.9860000000000001,0.9860000000000001,3,0.6711498730106901,0.1075386650467568
p2_canonical_scenario_mean_v1,CICIDS-2017,clean,0.0,none,MCRe,0.8401794348224808,0.06819985169514763,0.0780217186024551,1.0,1.0,1.0,1.0,3,0.6711498730106901,0.16902956181179074
p2_canonical_scenario_mean_v1,CICIDS-2017,clean,0.0,none,MORSE,0.8370515912076423,0.038460730788372886,0.09879603399433423,1.0,1.0,1.0,1.0,3,0.6711498730106901,0.1659017181969522
p2_canonical_scenario_mean_v1,CICIDS-2017,graph_consistency,0.1,0.0,Co-Teaching,0.6619686495937516,0.03146240292239967,0.09938621340887627,0.9030564565369027,0.8961110760313761,0.834,0.868836291913215,3,0.6788506799358073,-0.01688203034205571
p2_canonical_scenario_mean_v1,CICIDS-2017,graph_consistency,0.1,0.0,CoLD,0.6788506799358073,0.0708806442829761,0.1179178470254957,0.5353142766022846,0.6582686593803566,0.8851111111111111,0.9319526627218936,3,0.6788506799358073,0.0
p2_canonical_scenario_mean_v1,CICIDS-2017,graph_consistency,0.1,0.0,Graph-CoLD,0.7705457918156892,0.03218185232258895,0.11000944287063259,0.8645493833119198,0.8959454617066139,0.8944444444444445,0.9723865877712031,3,0.6788506799358073,0.09169511187988189
p2_canonical_scenario_mean_v1,CICIDS-2017,graph_consistency,0.1,0.0,MCRe,0.6190774249107852,0.026332439923219066,0.1091831916902738,0.9937778555641001,0.9611277358474425,0.903111111111111,0.9013806706114398,3,0.6788506799358073,-0.059773255025022065
p2_canonical_scenario_mean_v1,CICIDS-2017,graph_consistency,0.1,0.0,MORSE,0.5861400854479086,0.04168539395157072,0.1318460812086874,1.0,0.9868765567126171,0.9662222222222222,0.9723865877712031,3,0.6788506799358073,-0.09271059448789865
p2_canonical_scenario_mean_v1,CICIDS-2017,graph_consistency,0.1,0.6,Co-Teaching,0.6507364676389861,0.012538110834751889,0.13833805476864963,0.9335086059822583,0.91384622219889,0.8228888888888889,0.8737672583826429,3,0.61984882562138,0.030887642017606076
p2_canonical_scenario_mean_v1,CICIDS-2017,graph_consistency,0.1,0.6,CoLD,0.61984882562138,0.015532571537548225,0.14742681775259672,0.6512306704059725,0.7488593111418872,0.9424444444444444,0.9625246548323472,3,0.61984882562138,0.0
p2_canonical_scenario_mean_v1,CICIDS-2017,graph_consistency,0.1,0.6,Graph-CoLD,0.6810701258796824,0.01734926454953583,0.14246931067044377,0.9497290369251704,0.959992845083235,0.9524444444444445,0.9891518737672585,3,0.61984882562138,0.061221300258302414
p2_canonical_scenario_mean_v1,CICIDS-2017,graph_consistency,0.1,0.6,MCRe,0.5988636960027985,0.03660361858216102,0.17669971671388096,1.0,0.9641300581336597,0.9037777777777777,0.898422090729783,3,0.61984882562138,-0.020985129618581455
p2_canonical_scenario_mean_v1,CICIDS-2017,graph_consistency,0.1,0.6,MORSE,0.568409682910726,0.023045901231915435,0.167374881964117,1.0,0.9850123366177365,0.9666666666666668,0.9575936883629191,3,0.61984882562138,-0.05143914271065397
p2_canonical_scenario_mean_v1,CICIDS-2017,graph_consistency,0.2,0.0,Co-Teaching,0.57298866424573,0.02173014631454303,0.10930122757318224,0.6934157589696647,0.7111579964973069,0.6882222222222222,0.7466666666666667,3,0.632455878806688,-0.05946721456095794
p2_canonical_scenario_mean_v1,CICIDS-2017,graph_consistency,0.2,0.0,CoLD,0.632455878806688,0.08646013315770974,0.11661945231350328,0.5302125492971387,0.6630127109974683,0.8142222222222223,0.9344444444444444,3,0.632455878806688,0.0
p2_canonical_scenario_mean_v1,CICIDS-2017,graph_consistency,0.2,0.0,Graph-CoLD,0.680488290450287,0.07387806275373057,0.08439565627950894,0.8204502415963443,0.8724829089518146,0.8228888888888889,0.9711111111111111,3,0.632455878806688,0.04803241164359906
p2_canonical_scenario_mean_v1,CICIDS-2017,graph_consistency,0.2,0.0,MCRe,0.4814980382892032,0.028321675817378333,0.10103871576959393,0.9904210394019027,0.9261239393199002,0.8031111111111112,0.8255555555555555,3,0.632455878806688,-0.1509578405174848
p2_canonical_scenario_mean_v1,CICIDS-2017,graph_consistency,0.2,0.0,MORSE,0.4885637217336615,0.03388473765011433,0.12016052880075535,1.0,0.971280733586739,0.9444444444444445,0.9366666666666666,3,0.632455878806688,-0.14389215707302644
p2_canonical_scenario_mean_v1,CICIDS-2017,graph_consistency,0.2,0.6,Co-Teaching,0.5373781149645986,0.04526908577227803,0.18283758262511798,0.8440826958070015,0.8282180897251744,0.6746666666666666,0.7977777777777778,3,0.494468927579722,0.042909187384876646
p2_canonical_scenario_mean_v1,CICIDS-2017,graph_consistency,0.2,0.6,CoLD,0.494468927579722,0.03721068534112445,0.19346081208687438,0.71329455090918,0.7999928183478695,0.9008888888888889,0.9722222222222223,3,0.494468927579722,0.0
p2_canonical_scenario_mean_v1,CICIDS-2017,graph_consistency,0.2,0.6,Graph-CoLD,0.5468865312308723,0.04679850938698932,0.1886213408876298,0.9902584478176805,0.9924390232201238,0.9102222222222222,0.9966666666666667,3,0.494468927579722,0.05241760365115028
p2_canonical_scenario_mean_v1,CICIDS-2017,graph_consistency,0.2,0.6,MCRe,0.4557964816326238,0.012073657660421998,0.21093012275731815,1.0,0.919846735619635,0.8031111111111112,0.7977777777777778,3,0.494468927579722,-0.03867244594709818
p2_canonical_scenario_mean_v1,CICIDS-2017,graph_consistency,0.2,0.6,MORSE,0.4468255608043234,0.019456861852030233,0.20160528800755428,1.0,0.9645920424906543,0.9295555555555556,0.9277777777777777,3,0.494468927579722,-0.0476433667753986
p2_canonical_scenario_mean_v1,CICIDS-2017,graph_consistency,0.4,0.0,Co-Teaching,0.42601722577064977,0.007695890272163882,0.13066572237960336,0.6779824138322131,0.6103528285954485,0.4426666666666667,0.4918518518518518,3,0.5420110213908579,-0.11599379562020812
p2_canonical_scenario_mean_v1,CICIDS-2017,graph_consistency,0.4,0.0,CoLD,0.5420110213908579,0.04241284390702523,0.07979225684608117,0.6098656538682535,0.7295769351195975,0.6906666666666667,0.9392592592592592,3,0.5420110213908579,0.0
p2_canonical_scenario_mean_v1,CICIDS-2017,graph_consistency,0.4,0.0,Graph-CoLD,0.5496568767528637,0.025361193949372543,0.09631728045325773,0.8348321483691269,0.8889182497573077,0.698,0.9688888888888889,3,0.5420110213908579,0.007645855362005793
p2_canonical_scenario_mean_v1,CICIDS-2017,graph_consistency,0.4,0.0,MCRe,0.3436335449931293,0.012095151995751376,0.06126062322946171,0.7218259748588305,0.676258250392526,0.6033333333333334,0.648888888888889,3,0.5420110213908579,-0.19837747639772857
p2_canonical_scenario_mean_v1,CICIDS-2017,graph_consistency,0.4,0.0,MORSE,0.34095530526420287,0.017106988276630018,0.042020774315391834,0.9692422809769767,0.9262743484168224,0.9148888888888888,0.8829629629629631,3,0.5420110213908579,-0.20105571612665502
p2_canonical_scenario_mean_v1,CICIDS-2017,graph_consistency,0.4,0.6,Co-Teaching,0.3405359664218152,0.03326165172655088,0.26050519357884794,0.49236088465253175,0.4929644752705508,0.42555555555555546,0.4948148148148148,3,0.3495262648240171,-0.00899029840220189
p2_canonical_scenario_mean_v1,CICIDS-2017,graph_consistency,0.4,0.6,CoLD,0.3495262648240171,0.03845273361780221,0.26121340887629835,0.7702304221090929,0.8657411229689949,0.82,0.9896296296296296,3,0.3495262648240171,0.0
p2_canonical_scenario_mean_v1,CICIDS-2017,graph_consistency,0.4,0.6,Graph-CoLD,0.35620382489586194,0.03237130048060272,0.26015108593012276,0.7702304221090929,0.8724464170152894,0.8286666666666666,0.9925925925925926,3,0.3495262648240171,0.006677560071844835
p2_canonical_scenario_mean_v1,CICIDS-2017,graph_consistency,0.4,0.6,MCRe,0.30967670691068233,0.028007070057426774,0.26569877242681766,0.7761860888323993,0.7611329455491757,0.6035555555555555,0.7688888888888888,3,0.3495262648240171,-0.03984955791333478
p2_canonical_scenario_mean_v1,CICIDS-2017,graph_consistency,0.4,0.6,MORSE,0.32194097111623393,0.03773351142636357,0.27183663833805477,0.935589238316923,0.8989503853798554,0.876,0.8755555555555555,3,0.3495262648240171,-0.027585293707783176
p2_canonical_scenario_mean_v1,CICIDS-2017,graph_consistency,0.6,0.0,Co-Teaching,0.2987768801524293,0.03180505648695266,0.09289423984891403,0.35328466725286695,0.39963223197920933,0.28377777777777774,0.43999999999999995,3,0.36235918897947667,-0.06358230882704735
p2_canonical_scenario_mean_v1,CICIDS-2017,graph_consistency,0.6,0.0,CoLD,0.36235918897947667,0.01673537681933537,0.09549102927289889,0.6427327056017759,0.7162156212818473,0.5775555555555555,0.8799999999999999,3,0.36235918897947667,0.0
p2_canonical_scenario_mean_v1,CICIDS-2017,graph_consistency,0.6,0.0,Graph-CoLD,0.3690265943872079,0.012453554231630004,0.08593012275731816,0.6679734291899235,0.7677499821957596,0.5835555555555555,0.9,3,0.36235918897947667,0.006667405407731253
p2_canonical_scenario_mean_v1,CICIDS-2017,graph_consistency,0.6,0.0,MCRe,0.24093175211887238,0.006496257716280101,0.05323418319169024,0.1857162164180101,0.24782112952797894,0.40244444444444444,0.38000000000000006,3,0.36235918897947667,-0.12142743686060428
p2_canonical_scenario_mean_v1,CICIDS-2017,graph_consistency,0.6,0.0,MORSE,0.2361193709639802,0.012676741847341957,0.015344664778092466,0.4388476398809587,0.5864106153040267,0.8295555555555555,0.8377777777777777,3,0.36235918897947667,-0.12623981801549647
p2_canonical_scenario_mean_v1,CICIDS-2017,graph_consistency,0.6,0.6,Co-Teaching,0.2605933975984557,0.0504504234693988,0.2819877242681775,0.39860025684231326,0.39904463001902596,0.256,0.39666666666666667,3,0.29043200977944716,-0.029838612180991486
p2_canonical_scenario_mean_v1,CICIDS-2017,graph_consistency,0.6,0.6,CoLD,0.29043200977944716,0.006264206583668192,0.28068932955618503,0.9008101801493172,0.9049032098459948,0.6902222222222223,0.9447222222222224,3,0.29043200977944716,0.0
p2_canonical_scenario_mean_v1,CICIDS-2017,graph_consistency,0.6,0.6,Graph-CoLD,0.29856459408761676,0.015410473092118094,0.28316808309726155,0.9350279441473722,0.9381534131250575,0.6975555555555556,0.9533333333333333,3,0.29043200977944716,0.0081325843081696
p2_canonical_scenario_mean_v1,CICIDS-2017,graph_consistency,0.6,0.6,MCRe,0.2550922564696331,0.014298179388863203,0.22438621340887624,0.7449852816207381,0.6862789283663515,0.4026666666666667,0.6472222222222223,3,0.29043200977944716,-0.03533975330981404
p2_canonical_scenario_mean_v1,CICIDS-2017,graph_consistency,0.6,0.6,MORSE,0.24359734468498237,0.0013738628723094142,0.17374881964117087,0.945832898566863,0.9090701215382068,0.7959999999999999,0.9052777777777777,3,0.29043200977944716,-0.046834665094464795
p2_canonical_scenario_mean_v1,CICIDS-2017,symmetric,0.1,none,Co-Teaching,0.6619686495937516,0.03146240292239967,0.09938621340887627,0.9030564565369027,0.8961110760313761,0.834,0.868836291913215,3,0.6788506799358073,-0.01688203034205571
p2_canonical_scenario_mean_v1,CICIDS-2017,symmetric,0.1,none,CoLD,0.6788506799358073,0.0708806442829761,0.1179178470254957,0.5353142766022846,0.6582686593803566,0.8851111111111111,0.9319526627218936,3,0.6788506799358073,0.0
p2_canonical_scenario_mean_v1,CICIDS-2017,symmetric,0.1,none,Graph-CoLD,0.7705457918156892,0.03218185232258895,0.11000944287063259,0.8645493833119198,0.8959454617066139,0.8944444444444445,0.9723865877712031,3,0.6788506799358073,0.09169511187988189
p2_canonical_scenario_mean_v1,CICIDS-2017,symmetric,0.1,none,MCRe,0.6190774249107852,0.026332439923219066,0.1091831916902738,0.9937778555641001,0.9611277358474425,0.903111111111111,0.9013806706114398,3,0.6788506799358073,-0.059773255025022065
p2_canonical_scenario_mean_v1,CICIDS-2017,symmetric,0.1,none,MORSE,0.5861400854479086,0.04168539395157072,0.1318460812086874,1.0,0.9868765567126171,0.9662222222222222,0.9723865877712031,3,0.6788506799358073,-0.09271059448789865
p2_canonical_scenario_mean_v1,CICIDS-2017,symmetric,0.2,none,Co-Teaching,0.57298866424573,0.02173014631454303,0.10930122757318224,0.6934157589696647,0.7111579964973069,0.6882222222222222,0.7466666666666667,3,0.632455878806688,-0.05946721456095794
p2_canonical_scenario_mean_v1,CICIDS-2017,symmetric,0.2,none,CoLD,0.632455878806688,0.08646013315770974,0.11661945231350328,0.5302125492971387,0.6630127109974683,0.8142222222222223,0.9344444444444444,3,0.632455878806688,0.0
p2_canonical_scenario_mean_v1,CICIDS-2017,symmetric,0.2,none,Graph-CoLD,0.680488290450287,0.07387806275373057,0.08439565627950894,0.8204502415963443,0.8724829089518146,0.8228888888888889,0.9711111111111111,3,0.632455878806688,0.04803241164359906
p2_canonical_scenario_mean_v1,CICIDS-2017,symmetric,0.2,none,MCRe,0.4814980382892032,0.028321675817378333,0.10103871576959393,0.9904210394019027,0.9261239393199002,0.8031111111111112,0.8255555555555555,3,0.632455878806688,-0.1509578405174848
p2_canonical_scenario_mean_v1,CICIDS-2017,symmetric,0.2,none,MORSE,0.4885637217336615,0.03388473765011433,0.12016052880075535,1.0,0.971280733586739,0.9444444444444445,0.9366666666666666,3,0.632455878806688,-0.14389215707302644
p2_canonical_scenario_mean_v1,CICIDS-2017,symmetric,0.4,none,Co-Teaching,0.42601722577064977,0.007695890272163882,0.13066572237960336,0.6779824138322131,0.6103528285954485,0.4426666666666667,0.4918518518518518,3,0.5420110213908579,-0.11599379562020812
p2_canonical_scenario_mean_v1,CICIDS-2017,symmetric,0.4,none,CoLD,0.5420110213908579,0.04241284390702523,0.07979225684608117,0.6098656538682535,0.7295769351195975,0.6906666666666667,0.9392592592592592,3,0.5420110213908579,0.0
p2_canonical_scenario_mean_v1,CICIDS-2017,symmetric,0.4,none,Graph-CoLD,0.5496568767528637,0.025361193949372543,0.09631728045325773,0.8348321483691269,0.8889182497573077,0.698,0.9688888888888889,3,0.5420110213908579,0.007645855362005793
p2_canonical_scenario_mean_v1,CICIDS-2017,symmetric,0.4,none,MCRe,0.3436335449931293,0.012095151995751376,0.06126062322946171,0.7218259748588305,0.676258250392526,0.6033333333333334,0.648888888888889,3,0.5420110213908579,-0.19837747639772857
p2_canonical_scenario_mean_v1,CICIDS-2017,symmetric,0.4,none,MORSE,0.34095530526420287,0.017106988276630018,0.042020774315391834,0.9692422809769767,0.9262743484168224,0.9148888888888888,0.8829629629629631,3,0.5420110213908579,-0.20105571612665502
p2_canonical_scenario_mean_v1,CICIDS-2017,symmetric,0.6,none,Co-Teaching,0.2987768801524293,0.03180505648695266,0.09289423984891403,0.35328466725286695,0.39963223197920933,0.28377777777777774,0.43999999999999995,3,0.36235918897947667,-0.06358230882704735
p2_canonical_scenario_mean_v1,CICIDS-2017,symmetric,0.6,none,CoLD,0.36235918897947667,0.01673537681933537,0.09549102927289889,0.6427327056017759,0.7162156212818473,0.5775555555555555,0.8799999999999999,3,0.36235918897947667,0.0
p2_canonical_scenario_mean_v1,CICIDS-2017,symmetric,0.6,none,Graph-CoLD,0.3690265943872079,0.012453554231630004,0.08593012275731816,0.6679734291899235,0.7677499821957596,0.5835555555555555,0.9,3,0.36235918897947667,0.006667405407731253
p2_canonical_scenario_mean_v1,CICIDS-2017,symmetric,0.6,none,MCRe,0.24093175211887238,0.006496257716280101,0.05323418319169024,0.1857162164180101,0.24782112952797894,0.40244444444444444,0.38000000000000006,3,0.36235918897947667,-0.12142743686060428
p2_canonical_scenario_mean_v1,CICIDS-2017,symmetric,0.6,none,MORSE,0.2361193709639802,0.012676741847341957,0.015344664778092466,0.4388476398809587,0.5864106153040267,0.8295555555555555,0.8377777777777777,3,0.36235918897947667,-0.12623981801549647
p2_canonical_scenario_mean_v1,UNSW-NB15,asymmetric,0.1,none,Co-Teaching,0.48912268154658306,0.013504624247989015,0.06244455443389004,0.8009237271663522,0.8032556320725422,0.8426666666666667,0.7810650887573964,3,0.4635587773754353,0.025563904171147733
p2_canonical_scenario_mean_v1,UNSW-NB15,asymmetric,0.1,none,CoLD,0.4635587773754353,0.019926156662121056,0.0657316872730786,0.3653013822866747,0.3931767033181038,0.858,0.601577909270217,3,0.4635587773754353,0.0
p2_canonical_scenario_mean_v1,UNSW-NB15,asymmetric,0.1,none,Graph-CoLD,0.4762812224316011,0.0175763207689238,0.046861555247452336,0.4906774590946697,0.5051498263290108,0.8668888888888889,0.641025641025641,3,0.4635587773754353,0.012722445056165765
p2_canonical_scenario_mean_v1,UNSW-NB15,asymmetric,0.1,none,MCRe,0.5020620975155269,0.007599769815317952,0.09461598765890006,0.9110951907989304,0.9010806356775466,0.9026666666666666,0.8816568047337278,3,0.4635587773754353,0.03850332014009156
p2_canonical_scenario_mean_v1,UNSW-NB15,asymmetric,0.1,none,MORSE,0.4834975980784266,0.012769082044458658,0.08524371821903316,0.9691560456656193,0.967900661454304,0.9891111111111112,0.970414201183432,3,0.4635587773754353,0.0199388207029913
p2_canonical_scenario_mean_v1,UNSW-NB15,asymmetric,0.2,none,Co-Teaching,0.45342057401090635,0.006048086159284669,0.14133863879434694,0.6175885162966422,0.6221117421982768,0.6846666666666666,0.6166666666666666,3,0.40886626680279936,0.04455430720810699
p2_canonical_scenario_mean_v1,UNSW-NB15,asymmetric,0.2,none,CoLD,0.40886626680279936,0.015239541386275297,0.26050754656475433,0.32223438629409407,0.35969671147917137,0.8691111111111112,0.5644444444444444,3,0.40886626680279936,0.0
p2_canonical_scenario_mean_v1,UNSW-NB15,asymmetric,0.2,none,Graph-CoLD,0.4115387812578419,0.0038702072139490096,0.2711562415742968,0.4532623276687329,0.4759977722839484,0.8784444444444445,0.6111111111111112,3,0.40886626680279936,0.0026725144550425184
p2_canonical_scenario_mean_v1,UNSW-NB15,asymmetric,0.2,none,MCRe,0.4414287992413004,0.012633577026053657,0.2021206781590198,0.8032036711923768,0.7674494415505261,0.8026666666666666,0.7255555555555556,3,0.40886626680279936,0.032562532438501046
p2_canonical_scenario_mean_v1,UNSW-NB15,asymmetric,0.2,none,MORSE,0.4618127755796171,0.00340711861931897,0.1556523795590775,0.9459640903757821,0.9445737494348556,0.9811111111111112,0.9455555555555555,3,0.40886626680279936,0.052946508776817724
p2_canonical_scenario_mean_v1,UNSW-NB15,asymmetric,0.4,none,Co-Teaching,0.3830186983905544,0.052690588571906054,0.33226926565860054,0.544755220053548,0.5302962655780273,0.476,0.46814814814814815,3,0.23269523128778605,0.15032346710276837
p2_canonical_scenario_mean_v1,UNSW-NB15,asymmetric,0.4,none,CoLD,0.23269523128778605,0.00580621943100717,0.7288729474121004,0.28024383465626573,0.3157300325302436,0.8991111111111111,0.49481481481481476,3,0.23269523128778605,0.0
p2_canonical_scenario_mean_v1,UNSW-NB15,asymmetric,0.4,none,Graph-CoLD,0.23764896743497269,0.006869520441970611,0.7072090862094021,0.3772706681545553,0.40668128224949046,0.9084444444444445,0.5555555555555556,3,0.23269523128778605,0.004953736147186638
p2_canonical_scenario_mean_v1,UNSW-NB15,asymmetric,0.4,none,MCRe,0.32273172144419315,0.026353523044577287,0.4411321789172898,0.5930679167649345,0.5748458544200001,0.6024444444444444,0.5792592592592593,3,0.23269523128778605,0.0900364901564071
p2_canonical_scenario_mean_v1,UNSW-NB15,asymmetric,0.4,none,MORSE,0.3422101101668487,0.02201933828498152,0.3497952372782065,0.78379831529959,0.77360999999386,0.8704444444444445,0.7881481481481482,3,0.23269523128778605,0.10951487887906267
p2_canonical_scenario_mean_v1,UNSW-NB15,asymmetric,0.6,none,Co-Teaching,0.21919457263824774,0.023361903658748538,0.6648744667776328,0.49619902480235917,0.4722668922195899,0.22799999999999998,0.3644444444444444,3,0.08092644390499193,0.1382681287332558
p2_canonical_scenario_mean_v1,UNSW-NB15,asymmetric,0.6,none,CoLD,0.08092644390499193,0.012525995953138306,0.9599666753899706,0.06067993347760293,0.1596195099377626,0.9197777777777777,0.37777777777777777,3,0.08092644390499193,0.0
p2_canonical_scenario_mean_v1,UNSW-NB15,asymmetric,0.6,none,Graph-CoLD,0.09026130203024174,0.009036184095567975,0.9594619150063419,0.2306896654020479,0.29927005101862547,0.9293333333333332,0.47333333333333333,3,0.08092644390499193,0.009334858125249812
p2_canonical_scenario_mean_v1,UNSW-NB15,asymmetric,0.6,none,MCRe,0.24373543200518266,0.052769060195747675,0.6035917708607245,0.45879161216727576,0.4344553640890154,0.40311111111111114,0.4022222222222222,3,0.08092644390499193,0.16280898810019073
p2_canonical_scenario_mean_v1,UNSW-NB15,asymmetric,0.6,none,MORSE,0.23656728488687584,0.05046078494064574,0.5524592865715773,0.6238127675404658,0.5927336662878773,0.5924444444444444,0.5511111111111111,3,0.08092644390499193,0.1556408409818839
p2_canonical_scenario_mean_v1,UNSW-NB15,clean,0.0,none,Co-Teaching,0.516589766650409,0.015886921130671847,0.0024044558831785336,1.0,1.0,1.0,1.0,3,0.4942821449421386,0.022307621708270386
p2_canonical_scenario_mean_v1,UNSW-NB15,clean,0.0,none,CoLD,0.4942821449421386,0.013503261909675284,0.0011396742437964334,1.0,1.0,0.8855555555555555,0.8855555555555555,3,0.4942821449421386,0.0
p2_canonical_scenario_mean_v1,UNSW-NB15,clean,0.0,none,Graph-CoLD,0.5019091930976627,0.01395725817991268,0.0010131238571789668,1.0,1.0,0.894888888888889,0.894888888888889,3,0.4942821449421386,0.007627048155524063
p2_canonical_scenario_mean_v1,UNSW-NB15,clean,0.0,none,MCRe,0.5043479437980044,0.008441473346836162,0.0027870886394755004,1.0,1.0,1.0,1.0,3,0.4942821449421386,0.010065798855865782
p2_canonical_scenario_mean_v1,UNSW-NB15,clean,0.0,none,MORSE,0.5217567224408031,0.011109438082245552,0.0034198883797532335,1.0,1.0,1.0,1.0,3,0.4942821449421386,0.027474577498664443
p2_canonical_scenario_mean_v1,UNSW-NB15,graph_consistency,0.1,0.0,Co-Teaching,0.4854439009122771,0.010241135949146045,0.0045598505636074,0.7959624714358199,0.8009042629368022,0.845111111111111,0.8067061143984221,3,0.48462868299613193,0.0008152179161451945
p2_canonical_scenario_mean_v1,UNSW-NB15,graph_consistency,0.1,0.0,CoLD,0.48462868299613193,0.021073170496190126,0.001773483785285867,0.4426521231642917,0.46224751784449536,0.8222222222222223,0.6252465483234714,3,0.48462868299613193,0.0
p2_canonical_scenario_mean_v1,UNSW-NB15,graph_consistency,0.1,0.0,Graph-CoLD,0.48406638077263614,0.015864319689067895,0.0015201910520125667,0.5219915081797973,0.5334864309068016,0.8308888888888889,0.6538461538461539,3,0.48462868299613193,-0.000562302223495792
p2_canonical_scenario_mean_v1,UNSW-NB15,graph_consistency,0.1,0.0,MCRe,0.47988444041440514,0.016820801656497616,0.004560187407770067,0.9654086604542776,0.9515668269783121,0.9024444444444444,0.9289940828402368,3,0.48462868299613193,-0.0047442425817267875
p2_canonical_scenario_mean_v1,UNSW-NB15,graph_consistency,0.1,0.0,MORSE,0.48419423995567684,0.011749954603324404,0.0037988173128132665,0.9915707626525393,0.9882216637998781,0.9757777777777777,0.9852071005917159,3,0.48462868299613193,-0.0004344430404550903
p2_canonical_scenario_mean_v1,UNSW-NB15,graph_consistency,0.1,0.6,Co-Teaching,0.4950642291655271,0.008416257800212953,0.0027867517953128335,0.7809046743623437,0.7818427324023879,0.8164444444444445,0.7603550295857988,3,0.47729089730888447,0.01777333185664265
p2_canonical_scenario_mean_v1,UNSW-NB15,graph_consistency,0.1,0.6,CoLD,0.47729089730888447,0.010659356795457398,0.0024066678112785998,0.4543055750477656,0.49165615611883035,0.8833333333333333,0.7041420118343195,3,0.47729089730888447,0.0
p2_canonical_scenario_mean_v1,UNSW-NB15,graph_consistency,0.1,0.6,Graph-CoLD,0.4738436522709249,0.02049229621724793,0.0029135904876261,0.5582130692112334,0.584971110231323,0.8926666666666666,0.7366863905325444,3,0.47729089730888447,-0.0034472450379595676
p2_canonical_scenario_mean_v1,UNSW-NB15,graph_consistency,0.1,0.6,MCRe,0.4630600606846533,0.007263892482014672,0.0058246800101800006,0.9507897762678056,0.9352836795380203,0.9026666666666666,0.908284023668639,3,0.47729089730888447,-0.014230836624231191
p2_canonical_scenario_mean_v1,UNSW-NB15,graph_consistency,0.1,0.6,MORSE,0.4711320763584954,0.02175403709560956,0.0054438267234394,0.9918792796882717,0.9868190895321055,0.982888888888889,0.9763313609467456,3,0.47729089730888447,-0.0061588209503890545
p2_canonical_scenario_mean_v1,UNSW-NB15,graph_consistency,0.2,0.0,Co-Teaching,0.47218418711936644,0.0056899389213447395,0.0103823671841542,0.7326854548936224,0.7425610555497865,0.6984444444444445,0.7330260807431226,3,0.47973132160237403,-0.007547134483007589
p2_canonical_scenario_mean_v1,UNSW-NB15,graph_consistency,0.2,0.0,CoLD,0.47973132160237403,0.007467858402187417,0.0043053549721694005,0.5007303294406603,0.517462797004064,0.7768888888888889,0.6599964272954627,3,0.47973132160237403,0.0
p2_canonical_scenario_mean_v1,UNSW-NB15,graph_consistency,0.2,0.0,Graph-CoLD,0.48716089512941,0.010159793782409965,0.005697889490695433,0.5624364211941875,0.574015778383298,0.7848888888888889,0.6797999285459092,3,0.47973132160237403,0.007429573527035993
p2_canonical_scenario_mean_v1,UNSW-NB15,graph_consistency,0.2,0.0,MCRe,0.4673802231659483,0.012344892281921652,0.0106387378595296,0.891800569496576,0.8515524081417839,0.8022222222222223,0.8128010003572704,3,0.47973132160237403,-0.012351098436425734
p2_canonical_scenario_mean_v1,UNSW-NB15,graph_consistency,0.2,0.0,MORSE,0.44707155386735814,0.02325983423153904,0.0078541979923168,0.9822264836283864,0.9767511318487928,0.9528888888888889,0.9660664523043945,3,0.47973132160237403,-0.03265976773501589
p2_canonical_scenario_mean_v1,UNSW-NB15,graph_consistency,0.2,0.6,Co-Teaching,0.4611955917905313,0.014729758253228661,0.004940031258937134,0.615079005609337,0.6369195880105464,0.6908888888888889,0.6622222222222222,3,0.4586042156795889,0.0025913761109424005
p2_canonical_scenario_mean_v1,UNSW-NB15,graph_consistency,0.2,0.6,CoLD,0.4586042156795889,0.01645996902782241,0.006077781514691234,0.5359752222808761,0.5931991781533116,0.8791111111111111,0.8044444444444444,3,0.4586042156795889,0.0
p2_canonical_scenario_mean_v1,UNSW-NB15,graph_consistency,0.2,0.6,Graph-CoLD,0.46207942745675923,0.019528729366025857,0.004939501723459667,0.6135459331373956,0.6620986498869277,0.8884444444444445,0.8255555555555555,3,0.4586042156795889,0.003475211777170306
p2_canonical_scenario_mean_v1,UNSW-NB15,graph_consistency,0.2,0.6,MCRe,0.44592540909347517,0.019792161502608208,0.005444452604574233,0.8741541912525214,0.8298189564334666,0.8022222222222223,0.7722222222222221,3,0.4586042156795889,-0.012678806586113756
p2_canonical_scenario_mean_v1,UNSW-NB15,graph_consistency,0.2,0.6,MORSE,0.44142318639421624,0.012572704611801735,0.0087406762141355,0.9840565390566883,0.9808081260368349,0.948,0.9711111111111111,3,0.4586042156795889,-0.017181029285372684
p2_canonical_scenario_mean_v1,UNSW-NB15,graph_consistency,0.4,0.0,Co-Teaching,0.4370064418225644,0.019911367414381133,0.011528004620840034,0.6196171906871458,0.6153795580358224,0.43888888888888883,0.5566090880796762,3,0.44311997005304465,-0.006113528230480281
p2_canonical_scenario_mean_v1,UNSW-NB15,graph_consistency,0.4,0.0,CoLD,0.44311997005304465,0.0152433354822535,0.0120314168965417,0.45387354411112774,0.4816167503078537,0.6713333333333334,0.6446350762527233,3,0.44311997005304465,0.0
p2_canonical_scenario_mean_v1,UNSW-NB15,graph_consistency,0.4,0.0,Graph-CoLD,0.4429666616478207,0.010096381981177686,0.0092445691212096,0.5048278494152149,0.530307310993508,0.6786666666666666,0.663302209772798,3,0.44311997005304465,-0.00015330840522392863
p2_canonical_scenario_mean_v1,UNSW-NB15,graph_consistency,0.4,0.0,MCRe,0.3792266528798252,0.007402589763433661,0.0027851646514331,0.7749313407503404,0.6813440760172131,0.6028888888888889,0.6294716775599128,3,0.44311997005304465,-0.06389331717321944
p2_canonical_scenario_mean_v1,UNSW-NB15,graph_consistency,0.4,0.0,MORSE,0.37608743975407927,0.007781785988404889,0.0031652486354673335,0.9750978941527756,0.9688159101783852,0.8742222222222223,0.9608566760037348,3,0.44311997005304465,-0.06703253029896539
p2_canonical_scenario_mean_v1,UNSW-NB15,graph_consistency,0.4,0.6,Co-Teaching,0.4015704122048931,0.011599123804782249,0.0067119753418957,0.5114175451851569,0.505364801759928,0.42511111111111105,0.4518518518518519,3,0.4218812401728034,-0.020310827967910283
p2_canonical_scenario_mean_v1,UNSW-NB15,graph_consistency,0.4,0.6,CoLD,0.4218812401728034,0.015325203719231512,0.011779036887546434,0.6186416816447672,0.6820031700326311,0.8140000000000001,0.8770370370370371,3,0.4218812401728034,0.0
p2_canonical_scenario_mean_v1,UNSW-NB15,graph_consistency,0.4,0.6,Graph-CoLD,0.42540718900199037,0.007018160380798565,0.01405886637215,0.707060368680103,0.7541478789191268,0.8226666666666667,0.8933333333333334,3,0.4218812401728034,0.003525948829186998
p2_canonical_scenario_mean_v1,UNSW-NB15,graph_consistency,0.4,0.6,MCRe,0.3494119719304032,0.026265554182466004,0.0034196956884384334,0.6548163011145859,0.5900873290981264,0.6024444444444444,0.5688888888888889,3,0.4218812401728034,-0.07246926824240019
p2_canonical_scenario_mean_v1,UNSW-NB15,graph_consistency,0.4,0.6,MORSE,0.3718747834239428,0.011567974577154234,0.0024045518631977667,0.9444387896364277,0.9107634663892893,0.934,0.8562962962962963,3,0.4218812401728034,-0.05000645674886056
p2_canonical_scenario_mean_v1,UNSW-NB15,graph_consistency,0.6,0.0,Co-Teaching,0.3214005307220156,0.011935736877824557,0.0302736084217395,0.5343152852243009,0.5282940810189755,0.26933333333333326,0.4106799613784908,3,0.37381581545164017,-0.05241528472962459
p2_canonical_scenario_mean_v1,UNSW-NB15,graph_consistency,0.6,0.0,CoLD,0.37381581545164017,0.017160209933761786,0.03646245646070953,0.4901297699200022,0.5360523623442743,0.6233333333333334,0.6754077540106952,3,0.37381581545164017,0.0
p2_canonical_scenario_mean_v1,UNSW-NB15,graph_consistency,0.6,0.0,Graph-CoLD,0.36949845730285485,0.023669102439456333,0.043816608059484397,0.5836337215681167,0.6113887103878791,0.63,0.7005005941770648,3,0.37381581545164017,-0.004317358148785311
p2_canonical_scenario_mean_v1,UNSW-NB15,graph_consistency,0.6,0.0,MCRe,0.31047585117944376,0.011081846374892125,0.003925801254888967,0.5172600643281077,0.45642719245055813,0.4028888888888889,0.5258452168746287,3,0.37381581545164017,-0.0633399642721964
p2_canonical_scenario_mean_v1,UNSW-NB15,graph_consistency,0.6,0.0,MORSE,0.2979319146714146,0.041811360105200146,0.0059558491381413664,0.7892699655863455,0.750058526754403,0.7828888888888889,0.7724491235888294,3,0.37381581545164017,-0.07588390078022555
p2_canonical_scenario_mean_v1,UNSW-NB15,graph_consistency,0.6,0.6,Co-Teaching,0.32392838662102247,0.010782769616158093,0.03127408183815677,0.4834595006655631,0.4635942590302822,0.2657777777777777,0.37777777777777777,3,0.3351385970589993,-0.01121021043797682
p2_canonical_scenario_mean_v1,UNSW-NB15,graph_consistency,0.6,0.6,CoLD,0.3351385970589993,0.022435660046034138,0.047225863772708536,0.5329433051324032,0.6479554049275754,0.7604444444444445,0.9022222222222221,3,0.3351385970589993,0.0
p2_canonical_scenario_mean_v1,UNSW-NB15,graph_consistency,0.6,0.6,Graph-CoLD,0.3448411570403052,0.01693584150183555,0.0372227656565205,0.7408594695804047,0.80331112665188,0.7686666666666667,0.9333333333333332,3,0.3351385970589993,0.009702559981305925
p2_canonical_scenario_mean_v1,UNSW-NB15,graph_consistency,0.6,0.6,MCRe,0.2664329358795119,0.0026263013622580714,0.004560187407770067,0.24367472471242999,0.2343743744674396,0.40222222222222226,0.3244444444444445,3,0.3351385970589993,-0.0687056611794874
p2_canonical_scenario_mean_v1,UNSW-NB15,graph_consistency,0.6,0.6,MORSE,0.2644446339285254,0.031726097559433585,0.006842516760531399,0.8177490775941226,0.7784391665236884,0.8628888888888889,0.7488888888888888,3,0.3351385970589993,-0.07069396313047388
p2_canonical_scenario_mean_v1,UNSW-NB15,symmetric,0.1,none,Co-Teaching,0.4854439009122771,0.010241135949146045,0.0045598505636074,0.7959624714358199,0.8009042629368022,0.845111111111111,0.8067061143984221,3,0.48462868299613193,0.0008152179161451945
p2_canonical_scenario_mean_v1,UNSW-NB15,symmetric,0.1,none,CoLD,0.48462868299613193,0.021073170496190126,0.001773483785285867,0.4426521231642917,0.46224751784449536,0.8222222222222223,0.6252465483234714,3,0.48462868299613193,0.0
p2_canonical_scenario_mean_v1,UNSW-NB15,symmetric,0.1,none,Graph-CoLD,0.48406638077263614,0.015864319689067895,0.0015201910520125667,0.5219915081797973,0.5334864309068016,0.8308888888888889,0.6538461538461539,3,0.48462868299613193,-0.000562302223495792
p2_canonical_scenario_mean_v1,UNSW-NB15,symmetric,0.1,none,MCRe,0.47988444041440514,0.016820801656497616,0.004560187407770067,0.9654086604542776,0.9515668269783121,0.9024444444444444,0.9289940828402368,3,0.48462868299613193,-0.0047442425817267875
p2_canonical_scenario_mean_v1,UNSW-NB15,symmetric,0.1,none,MORSE,0.48419423995567684,0.011749954603324404,0.0037988173128132665,0.9915707626525393,0.9882216637998781,0.9757777777777777,0.9852071005917159,3,0.48462868299613193,-0.0004344430404550903
p2_canonical_scenario_mean_v1,UNSW-NB15,symmetric,0.2,none,Co-Teaching,0.47218418711936644,0.0056899389213447395,0.0103823671841542,0.7326854548936224,0.7425610555497865,0.6984444444444445,0.7330260807431226,3,0.47973132160237403,-0.007547134483007589
p2_canonical_scenario_mean_v1,UNSW-NB15,symmetric,0.2,none,CoLD,0.47973132160237403,0.007467858402187417,0.0043053549721694005,0.5007303294406603,0.517462797004064,0.7768888888888889,0.6599964272954627,3,0.47973132160237403,0.0
p2_canonical_scenario_mean_v1,UNSW-NB15,symmetric,0.2,none,Graph-CoLD,0.48716089512941,0.010159793782409965,0.005697889490695433,0.5624364211941875,0.574015778383298,0.7848888888888889,0.6797999285459092,3,0.47973132160237403,0.007429573527035993
p2_canonical_scenario_mean_v1,UNSW-NB15,symmetric,0.2,none,MCRe,0.4673802231659483,0.012344892281921652,0.0106387378595296,0.891800569496576,0.8515524081417839,0.8022222222222223,0.8128010003572704,3,0.47973132160237403,-0.012351098436425734
p2_canonical_scenario_mean_v1,UNSW-NB15,symmetric,0.2,none,MORSE,0.44707155386735814,0.02325983423153904,0.0078541979923168,0.9822264836283864,0.9767511318487928,0.9528888888888889,0.9660664523043945,3,0.47973132160237403,-0.03265976773501589
p2_canonical_scenario_mean_v1,UNSW-NB15,symmetric,0.4,none,Co-Teaching,0.4370064418225644,0.019911367414381133,0.011528004620840034,0.6196171906871458,0.6153795580358224,0.43888888888888883,0.5566090880796762,3,0.44311997005304465,-0.006113528230480281
p2_canonical_scenario_mean_v1,UNSW-NB15,symmetric,0.4,none,CoLD,0.44311997005304465,0.0152433354822535,0.0120314168965417,0.45387354411112774,0.4816167503078537,0.6713333333333334,0.6446350762527233,3,0.44311997005304465,0.0
p2_canonical_scenario_mean_v1,UNSW-NB15,symmetric,0.4,none,Graph-CoLD,0.4429666616478207,0.010096381981177686,0.0092445691212096,0.5048278494152149,0.530307310993508,0.6786666666666666,0.663302209772798,3,0.44311997005304465,-0.00015330840522392863
p2_canonical_scenario_mean_v1,UNSW-NB15,symmetric,0.4,none,MCRe,0.3792266528798252,0.007402589763433661,0.0027851646514331,0.7749313407503404,0.6813440760172131,0.6028888888888889,0.6294716775599128,3,0.44311997005304465,-0.06389331717321944
p2_canonical_scenario_mean_v1,UNSW-NB15,symmetric,0.4,none,MORSE,0.37608743975407927,0.007781785988404889,0.0031652486354673335,0.9750978941527756,0.9688159101783852,0.8742222222222223,0.9608566760037348,3,0.44311997005304465,-0.06703253029896539
p2_canonical_scenario_mean_v1,UNSW-NB15,symmetric,0.6,none,Co-Teaching,0.3214005307220156,0.011935736877824557,0.0302736084217395,0.5343152852243009,0.5282940810189755,0.26933333333333326,0.4106799613784908,3,0.37381581545164017,-0.05241528472962459
p2_canonical_scenario_mean_v1,UNSW-NB15,symmetric,0.6,none,CoLD,0.37381581545164017,0.017160209933761786,0.03646245646070953,0.4901297699200022,0.5360523623442743,0.6233333333333334,0.6754077540106952,3,0.37381581545164017,0.0
p2_canonical_scenario_mean_v1,UNSW-NB15,symmetric,0.6,none,Graph-CoLD,0.36949845730285485,0.023669102439456333,0.043816608059484397,0.5836337215681167,0.6113887103878791,0.63,0.7005005941770648,3,0.37381581545164017,-0.004317358148785311
p2_canonical_scenario_mean_v1,UNSW-NB15,symmetric,0.6,none,MCRe,0.31047585117944376,0.011081846374892125,0.003925801254888967,0.5172600643281077,0.45642719245055813,0.4028888888888889,0.5258452168746287,3,0.37381581545164017,-0.0633399642721964
p2_canonical_scenario_mean_v1,UNSW-NB15,symmetric,0.6,none,MORSE,0.2979319146714146,0.041811360105200146,0.0059558491381413664,0.7892699655863455,0.750058526754403,0.7828888888888889,0.7724491235888294,3,0.37381581545164017,-0.07588390078022555
