dataset,reported_as,dataset_hash,actual_data_path,class_policy,sample_policy,train_rows,test_rows,num_classes,noise_type,tail_flip_rate,effective_flip_rate_train,seed,method,training_mode,macro_f1,fpr,fnr,tail_macro_f1,tail_recall,rare_recovery_rate,rare_retained_rate,rare_clean_suspicious_count,rare_recovered_count,rare_recovery_eval,rare_retained_count,err,err_tail,err_final,err_degree,err_tail_degree,err_final_degree,mean_weight,retained_fraction,clean_rare_suspicious_retained_fraction,soft_retained_hard_deleted_count,semisup_candidate_count,semisup_selected_count,semisup_selected_rate,semisup_confidence_mean,runtime_sec,memory_mb,tail_labels,tail_label_names,active_views,source_verified,replacement_for
cicids2017,CICIDS-2017,2585508ac445a94a3eb2244aa64778678928d201555396b4b9afc1ed6a2f1ab4,C:\Users\g14370\graph-cold\data\cicids2017,postfilter11,p2d_real_audit_window_train_10000_test_1000,10000,1000,11,tail_asymmetric,0.4,0.0103,0,CoLD,cold_hard,0.5541660739860289,0.006756756756756757,0.078125,0.05714285714285714,0.043478260869565216,0.0,0.0,12,0,out_of_fold_training_predictions,0,0.7444239513883577,0.42678000637836283,0.5856019788833603,0.7444239513883577,0.42678000637836283,0.5856019788833603,0.9839,0.9839,0.0,0,0,0,0.0,0.0,0.6968679000274278,6.991744041442871,"[1, 5, 6, 9, 10]","[""1"", ""5"", ""6"", ""9"", ""10""]",host|ip|temporal,True,
cicids2017,CICIDS-2017,2585508ac445a94a3eb2244aa64778678928d201555396b4b9afc1ed6a2f1ab4,C:\Users\g14370\graph-cold\data\cicids2017,postfilter11,p2d_real_audit_window_train_10000_test_1000,10000,1000,11,tail_asymmetric,0.4,0.0103,0,ablation_hard,hard_deletion,0.8782731401177283,0.0033783783783783786,0.03409090909090909,0.7533333333333333,0.5652173913043478,0.0,0.0,12,0,out_of_fold_training_predictions,0,0.968911838580916,0.941006280829385,0.9549590597051505,0.968911838580916,0.941006280829385,0.9549590597051505,0.9939,0.9939,0.0,0,0,0,0.0,0.0,0.5227499000029638,7.457185745239258,"[1, 5, 6, 9, 10]","[""1"", ""5"", ""6"", ""9"", ""10""]",host|ip|temporal,True,
cicids2017,CICIDS-2017,2585508ac445a94a3eb2244aa64778678928d201555396b4b9afc1ed6a2f1ab4,C:\Users\g14370\graph-cold\data\cicids2017,postfilter11,p2d_real_audit_window_train_10000_test_1000,10000,1000,11,tail_asymmetric,0.4,0.0103,0,Graph-CoLD-soft,scalar_soft,0.8425711037399348,0.010135135135135136,0.015625,0.6684848484848486,0.6521739130434783,1.0,1.0,12,12,out_of_fold_training_predictions,12,1.0,1.0,1.0,0.8823072913006931,0.8882419886417624,0.8852746399712277,0.8775965179873114,1.0,1.0,61,0,0,0.0,0.0,0.5410511000081897,7.504700660705566,"[1, 5, 6, 9, 10]","[""1"", ""5"", ""6"", ""9"", ""10""]",host|ip|temporal,True,
cicids2017,CICIDS-2017,2585508ac445a94a3eb2244aa64778678928d201555396b4b9afc1ed6a2f1ab4,C:\Users\g14370\graph-cold\data\cicids2017,postfilter11,p2d_real_audit_window_train_10000_test_1000,10000,1000,11,tail_asymmetric,0.4,0.0103,0,Graph-CoLD-semisup,evidence_semisup,0.9315659499816228,0.010135135135135136,0.015625,0.8646153846153848,0.6956521739130435,0.08333333333333333,1.0,12,1,out_of_fold_training_predictions,12,1.0,1.0,1.0,0.8823072913006931,0.8882419886417624,0.8852746399712277,0.8775965179873114,1.0,1.0,61,23,20,0.002,0.7833333333333334,0.8089291999931447,7.7147111892700195,"[1, 5, 6, 9, 10]","[""1"", ""5"", ""6"", ""9"", ""10""]",host|ip|temporal,True,
cicids2017,CICIDS-2017,2585508ac445a94a3eb2244aa64778678928d201555396b4b9afc1ed6a2f1ab4,C:\Users\g14370\graph-cold\data\cicids2017,postfilter11,p2d_real_audit_window_train_10000_test_1000,10000,1000,11,tail_asymmetric,0.4,0.0103,0,Graph-CoLD,scalar_soft,0.8425711037399348,0.010135135135135136,0.015625,0.6684848484848486,0.6521739130434783,1.0,1.0,12,12,out_of_fold_training_predictions,12,1.0,1.0,1.0,0.8823072913006931,0.8882419886417624,0.8852746399712277,0.8775965179873114,1.0,1.0,61,0,0,0.0,0.0,0.5586402000044473,8.258133888244629,"[1, 5, 6, 9, 10]","[""1"", ""5"", ""6"", ""9"", ""10""]",host|ip|temporal,True,
cicids2017,CICIDS-2017,2585508ac445a94a3eb2244aa64778678928d201555396b4b9afc1ed6a2f1ab4,C:\Users\g14370\graph-cold\data\cicids2017,postfilter11,p2d_real_audit_window_train_10000_test_1000,10000,1000,11,tail_asymmetric,0.6,0.0155,0,CoLD,cold_hard,0.5364167731909668,0.0033783783783783786,0.041193181818181816,0.0,0.0,0.0,0.0,18,0,out_of_fold_training_predictions,0,0.6950784625824734,0.25712600292852444,0.4761022327554989,0.6950784625824734,0.25712600292852444,0.4761022327554989,0.984,0.984,0.0,0,0,0,0.0,0.0,0.539631899970118,7.027411460876465,"[1, 5, 6, 9, 10]","[""1"", ""5"", ""6"", ""9"", ""10""]",host|ip|temporal,True,
cicids2017,CICIDS-2017,2585508ac445a94a3eb2244aa64778678928d201555396b4b9afc1ed6a2f1ab4,C:\Users\g14370\graph-cold\data\cicids2017,postfilter11,p2d_real_audit_window_train_10000_test_1000,10000,1000,11,tail_asymmetric,0.6,0.0155,0,ablation_hard,hard_deletion,0.6700789309970021,0.0033783783783783786,0.028409090909090908,0.2909090909090909,0.34782608695652173,0.0,0.0,18,0,out_of_fold_training_predictions,0,0.9370731594239061,0.8541744897688618,0.8956238245963839,0.9370731594239061,0.8541744897688618,0.8956238245963839,0.994,0.994,0.0,0,0,0,0.0,0.0,0.5397145999595523,7.567370414733887,"[1, 5, 6, 9, 10]","[""1"", ""5"", ""6"", ""9"", ""10""]",host|ip|temporal,True,
cicids2017,CICIDS-2017,2585508ac445a94a3eb2244aa64778678928d201555396b4b9afc1ed6a2f1ab4,C:\Users\g14370\graph-cold\data\cicids2017,postfilter11,p2d_real_audit_window_train_10000_test_1000,10000,1000,11,tail_asymmetric,0.6,0.0155,0,Graph-CoLD-soft,scalar_soft,0.6591089825439261,0.006756756756756757,0.02556818181818182,0.26545454545454544,0.30434782608695654,1.0,1.0,18,18,out_of_fold_training_predictions,18,1.0,1.0,1.0,0.8664119961425989,0.8516401910942281,0.8590260936184135,0.8772358497665816,1.0,1.0,60,0,0,0.0,0.0,0.4807077000150457,7.533534049987793,"[1, 5, 6, 9, 10]","[""1"", ""5"", ""6"", ""9"", ""10""]",host|ip|temporal,True,
cicids2017,CICIDS-2017,2585508ac445a94a3eb2244aa64778678928d201555396b4b9afc1ed6a2f1ab4,C:\Users\g14370\graph-cold\data\cicids2017,postfilter11,p2d_real_audit_window_train_10000_test_1000,10000,1000,11,tail_asymmetric,0.6,0.0155,0,Graph-CoLD-semisup,evidence_semisup,0.6820813290964037,0.0033783783783783786,0.03977272727272727,0.32259740259740266,0.34782608695652173,0.05555555555555555,1.0,18,1,out_of_fold_training_predictions,18,1.0,1.0,1.0,0.8664119961425989,0.8516401910942281,0.8590260936184135,0.8772358497665816,1.0,1.0,60,29,25,0.0025,0.8449999999999999,0.7261902999598533,8.287908554077148,"[1, 5, 6, 9, 10]","[""1"", ""5"", ""6"", ""9"", ""10""]",host|ip|temporal,True,
cicids2017,CICIDS-2017,2585508ac445a94a3eb2244aa64778678928d201555396b4b9afc1ed6a2f1ab4,C:\Users\g14370\graph-cold\data\cicids2017,postfilter11,p2d_real_audit_window_train_10000_test_1000,10000,1000,11,tail_asymmetric,0.6,0.0155,0,Graph-CoLD,scalar_soft,0.6591089825439261,0.006756756756756757,0.02556818181818182,0.26545454545454544,0.30434782608695654,1.0,1.0,18,18,out_of_fold_training_predictions,18,1.0,1.0,1.0,0.8664119961425989,0.8516401910942281,0.8590260936184135,0.8772358497665816,1.0,1.0,60,0,0,0.0,0.0,0.495735100004822,7.492433547973633,"[1, 5, 6, 9, 10]","[""1"", ""5"", ""6"", ""9"", ""10""]",host|ip|temporal,True,
cicids2017,CICIDS-2017,2585508ac445a94a3eb2244aa64778678928d201555396b4b9afc1ed6a2f1ab4,C:\Users\g14370\graph-cold\data\cicids2017,postfilter11,p2d_real_audit_window_train_10000_test_1000,10000,1000,11,tail_asymmetric,0.8,0.0207,0,CoLD,cold_hard,0.49692011302580497,0.0033783783783783786,0.048295454545454544,0.0,0.0,0.0,0.0,16,0,out_of_fold_training_predictions,0,0.6861066341668602,0.11000780750931875,0.3980572208380895,0.6861066341668602,0.11000780750931875,0.3980572208380895,0.9842,0.9842,0.0,0,0,0,0.0,0.0,0.5328563000075519,7.369683265686035,"[1, 5, 6, 9, 10]","[""1"", ""5"", ""6"", ""9"", ""10""]",host|ip|temporal,True,
cicids2017,CICIDS-2017,2585508ac445a94a3eb2244aa64778678928d201555396b4b9afc1ed6a2f1ab4,C:\Users\g14370\graph-cold\data\cicids2017,postfilter11,p2d_real_audit_window_train_10000_test_1000,10000,1000,11,tail_asymmetric,0.8,0.0207,0,ablation_hard,hard_deletion,0.5853873148288811,0.006756756756756757,0.036931818181818184,0.10714285714285714,0.08695652173913043,0.0,0.0,16,0,out_of_fold_training_predictions,0,0.9271266757528729,0.8007098980312439,0.8639182868920584,0.9271266757528729,0.8007098980312439,0.8639182868920584,0.9942,0.9942,0.0,0,0,0,0.0,0.0,0.5072335000149906,7.485223770141602,"[1, 5, 6, 9, 10]","[""1"", ""5"", ""6"", ""9"", ""10""]",host|ip|temporal,True,
cicids2017,CICIDS-2017,2585508ac445a94a3eb2244aa64778678928d201555396b4b9afc1ed6a2f1ab4,C:\Users\g14370\graph-cold\data\cicids2017,postfilter11,p2d_real_audit_window_train_10000_test_1000,10000,1000,11,tail_asymmetric,0.8,0.0207,0,Graph-CoLD-soft,scalar_soft,0.6239951447725565,0.0033783783783783786,0.045454545454545456,0.19603174603174603,0.17391304347826086,1.0,1.0,16,16,out_of_fold_training_predictions,16,1.0,1.0,1.0,0.8641600891900775,0.8417091736930984,0.852934631441588,0.87732532599681,1.0,1.0,58,0,0,0.0,0.0,0.6068393000168726,8.291009902954102,"[1, 5, 6, 9, 10]","[""1"", ""5"", ""6"", ""9"", ""10""]",host|ip|temporal,True,
cicids2017,CICIDS-2017,2585508ac445a94a3eb2244aa64778678928d201555396b4b9afc1ed6a2f1ab4,C:\Users\g14370\graph-cold\data\cicids2017,postfilter11,p2d_real_audit_window_train_10000_test_1000,10000,1000,11,tail_asymmetric,0.8,0.0207,0,Graph-CoLD-semisup,evidence_semisup,0.5634065233721569,0.0033783783783783786,0.03409090909090909,0.05714285714285714,0.043478260869565216,0.0,1.0,16,0,out_of_fold_training_predictions,16,1.0,1.0,1.0,0.8641600891900775,0.8417091736930984,0.852934631441588,0.87732532599681,1.0,1.0,58,27,26,0.0026,0.8477564102564104,0.8446377000072971,7.972977638244629,"[1, 5, 6, 9, 10]","[""1"", ""5"", ""6"", ""9"", ""10""]",host|ip|temporal,True,
cicids2017,CICIDS-2017,2585508ac445a94a3eb2244aa64778678928d201555396b4b9afc1ed6a2f1ab4,C:\Users\g14370\graph-cold\data\cicids2017,postfilter11,p2d_real_audit_window_train_10000_test_1000,10000,1000,11,tail_asymmetric,0.8,0.0207,0,Graph-CoLD,scalar_soft,0.6239951447725565,0.0033783783783783786,0.045454545454545456,0.19603174603174603,0.17391304347826086,1.0,1.0,16,16,out_of_fold_training_predictions,16,1.0,1.0,1.0,0.8641600891900775,0.8417091736930984,0.852934631441588,0.87732532599681,1.0,1.0,58,0,0,0.0,0.0,0.5268185999593697,7.451870918273926,"[1, 5, 6, 9, 10]","[""1"", ""5"", ""6"", ""9"", ""10""]",host|ip|temporal,True,
cicids2017,CICIDS-2017,2585508ac445a94a3eb2244aa64778678928d201555396b4b9afc1ed6a2f1ab4,C:\Users\g14370\graph-cold\data\cicids2017,postfilter11,p2d_real_audit_window_train_10000_test_1000,10000,1000,11,tail_asymmetric,0.4,0.0103,1,CoLD,cold_hard,0.5646371509726172,0.006756756756756757,0.11221590909090909,0.08888888888888888,0.08695652173913043,0.0,0.0,13,0,out_of_fold_training_predictions,0,0.7418621070643793,0.41152707068719474,0.5766945888757871,0.7418621070643793,0.41152707068719474,0.5766945888757871,0.9834,0.9834,0.0,0,0,0,0.0,0.0,0.9295920999720693,7.161728858947754,"[1, 5, 6, 9, 10]","[""1"", ""5"", ""6"", ""9"", ""10""]",host|ip|temporal,True,
cicids2017,CICIDS-2017,2585508ac445a94a3eb2244aa64778678928d201555396b4b9afc1ed6a2f1ab4,C:\Users\g14370\graph-cold\data\cicids2017,postfilter11,p2d_real_audit_window_train_10000_test_1000,10000,1000,11,tail_asymmetric,0.4,0.0103,1,ablation_hard,hard_deletion,0.7318006258695682,0.006756756756756757,0.09943181818181818,0.4525974025974026,0.30434782608695654,0.0,0.0,13,0,out_of_fold_training_predictions,0,0.9669856315566512,0.9298456212525198,0.9484156264045855,0.9669856315566512,0.9298456212525198,0.9484156264045855,0.9934,0.9934,0.0,0,0,0,0.0,0.0,0.9044255000189878,7.527412414550781,"[1, 5, 6, 9, 10]","[""1"", ""5"", ""6"", ""9"", ""10""]",host|ip|temporal,True,
cicids2017,CICIDS-2017,2585508ac445a94a3eb2244aa64778678928d201555396b4b9afc1ed6a2f1ab4,C:\Users\g14370\graph-cold\data\cicids2017,postfilter11,p2d_real_audit_window_train_10000_test_1000,10000,1000,11,tail_asymmetric,0.4,0.0103,1,Graph-CoLD-soft,scalar_soft,0.8224503435826932,0.010135135135135136,0.10227272727272728,0.6888888888888889,0.4782608695652174,1.0,1.0,13,13,out_of_fold_training_predictions,13,1.0,1.0,1.0,0.8756284426106534,0.871382737819766,0.8735055902152098,0.8766812590218224,1.0,1.0,66,0,0,0.0,0.0,0.8270321000018157,7.4975080490112305,"[1, 5, 6, 9, 10]","[""1"", ""5"", ""6"", ""9"", ""10""]",host|ip|temporal,True,
cicids2017,CICIDS-2017,2585508ac445a94a3eb2244aa64778678928d201555396b4b9afc1ed6a2f1ab4,C:\Users\g14370\graph-cold\data\cicids2017,postfilter11,p2d_real_audit_window_train_10000_test_1000,10000,1000,11,tail_asymmetric,0.4,0.0103,1,Graph-CoLD-semisup,evidence_semisup,0.7151974402747645,0.0033783783783783786,0.10369318181818182,0.42714285714285716,0.2608695652173913,0.0,1.0,13,0,out_of_fold_training_predictions,13,1.0,1.0,1.0,0.8756284426106534,0.871382737819766,0.8735055902152098,0.8766812590218224,1.0,1.0,66,24,23,0.0023,0.8532608695652174,1.067224600003101,7.477808952331543,"[1, 5, 6, 9, 10]","[""1"", ""5"", ""6"", ""9"", ""10""]",host|ip|temporal,True,
cicids2017,CICIDS-2017,2585508ac445a94a3eb2244aa64778678928d201555396b4b9afc1ed6a2f1ab4,C:\Users\g14370\graph-cold\data\cicids2017,postfilter11,p2d_real_audit_window_train_10000_test_1000,10000,1000,11,tail_asymmetric,0.4,0.0103,1,Graph-CoLD,scalar_soft,0.8224503435826932,0.010135135135135136,0.10227272727272728,0.6888888888888889,0.4782608695652174,1.0,1.0,13,13,out_of_fold_training_predictions,13,1.0,1.0,1.0,0.8756284426106534,0.871382737819766,0.8735055902152098,0.8766812590218224,1.0,1.0,66,0,0,0.0,0.0,0.6463604999589734,8.197928428649902,"[1, 5, 6, 9, 10]","[""1"", ""5"", ""6"", ""9"", ""10""]",host|ip|temporal,True,
cicids2017,CICIDS-2017,2585508ac445a94a3eb2244aa64778678928d201555396b4b9afc1ed6a2f1ab4,C:\Users\g14370\graph-cold\data\cicids2017,postfilter11,p2d_real_audit_window_train_10000_test_1000,10000,1000,11,tail_asymmetric,0.6,0.0155,1,CoLD,cold_hard,0.5252245455508137,0.006756756756756757,0.109375,0.0,0.0,0.0,0.0,12,0,out_of_fold_training_predictions,0,0.703098676448656,0.2814737191466166,0.49228619779763627,0.703098676448656,0.2814737191466166,0.49228619779763627,0.984,0.984,0.0,0,0,0,0.0,0.0,0.7332290000049397,7.048432350158691,"[1, 5, 6, 9, 10]","[""1"", ""5"", ""6"", ""9"", ""10""]",host|ip|temporal,True,
cicids2017,CICIDS-2017,2585508ac445a94a3eb2244aa64778678928d201555396b4b9afc1ed6a2f1ab4,C:\Users\g14370\graph-cold\data\cicids2017,postfilter11,p2d_real_audit_window_train_10000_test_1000,10000,1000,11,tail_asymmetric,0.6,0.0155,1,ablation_hard,hard_deletion,0.6494274078485943,0.0033783783783783786,0.09943181818181818,0.2707070707070707,0.30434782608695654,0.0,0.0,12,0,out_of_fold_training_predictions,0,0.9596112302176635,0.9039530524351785,0.931782141326421,0.9596112302176635,0.9039530524351785,0.931782141326421,0.994,0.994,0.0,0,0,0,0.0,0.0,0.6140057999873534,8.087450981140137,"[1, 5, 6, 9, 10]","[""1"", ""5"", ""6"", ""9"", ""10""]",host|ip|temporal,True,
cicids2017,CICIDS-2017,2585508ac445a94a3eb2244aa64778678928d201555396b4b9afc1ed6a2f1ab4,C:\Users\g14370\graph-cold\data\cicids2017,postfilter11,p2d_real_audit_window_train_10000_test_1000,10000,1000,11,tail_asymmetric,0.6,0.0155,1,Graph-CoLD-soft,scalar_soft,0.7275394878744647,0.006756756756756757,0.07954545454545454,0.4351515151515152,0.391304347826087,1.0,1.0,12,12,out_of_fold_training_predictions,12,1.0,1.0,1.0,0.8715429196801932,0.8613136731181832,0.8664282963991882,0.8768407721140393,1.0,1.0,60,0,0,0.0,0.0,0.679925300006289,8.368252754211426,"[1, 5, 6, 9, 10]","[""1"", ""5"", ""6"", ""9"", ""10""]",host|ip|temporal,True,
cicids2017,CICIDS-2017,2585508ac445a94a3eb2244aa64778678928d201555396b4b9afc1ed6a2f1ab4,C:\Users\g14370\graph-cold\data\cicids2017,postfilter11,p2d_real_audit_window_train_10000_test_1000,10000,1000,11,tail_asymmetric,0.6,0.0155,1,Graph-CoLD-semisup,evidence_semisup,0.6617529646465344,0.0033783783783783786,0.10653409090909091,0.3018181818181818,0.34782608695652173,0.0,1.0,12,0,out_of_fold_training_predictions,12,1.0,1.0,1.0,0.8715429196801932,0.8613136731181832,0.8664282963991882,0.8768407721140393,1.0,1.0,60,21,20,0.002,0.8875,1.060025900020264,7.522147178649902,"[1, 5, 6, 9, 10]","[""1"", ""5"", ""6"", ""9"", ""10""]",host|ip|temporal,True,
cicids2017,CICIDS-2017,2585508ac445a94a3eb2244aa64778678928d201555396b4b9afc1ed6a2f1ab4,C:\Users\g14370\graph-cold\data\cicids2017,postfilter11,p2d_real_audit_window_train_10000_test_1000,10000,1000,11,tail_asymmetric,0.6,0.0155,1,Graph-CoLD,scalar_soft,0.7275394878744647,0.006756756756756757,0.07954545454545454,0.4351515151515152,0.391304347826087,1.0,1.0,12,12,out_of_fold_training_predictions,12,1.0,1.0,1.0,0.8715429196801932,0.8613136731181832,0.8664282963991882,0.8768407721140393,1.0,1.0,60,0,0,0.0,0.0,0.7045399999478832,8.12425422668457,"[1, 5, 6, 9, 10]","[""1"", ""5"", ""6"", ""9"", ""10""]",host|ip|temporal,True,
cicids2017,CICIDS-2017,2585508ac445a94a3eb2244aa64778678928d201555396b4b9afc1ed6a2f1ab4,C:\Users\g14370\graph-cold\data\cicids2017,postfilter11,p2d_real_audit_window_train_10000_test_1000,10000,1000,11,tail_asymmetric,0.8,0.0207,1,CoLD,cold_hard,0.5088229211574871,0.006756756756756757,0.11363636363636363,0.0,0.0,0.0,0.0,16,0,out_of_fold_training_predictions,0,0.6873647713060331,0.13881743386762124,0.4130911025868272,0.6873647713060331,0.13881743386762124,0.4130911025868272,0.9836,0.9836,0.0,0,0,0,0.0,0.0,0.9318269999930635,6.8973388671875,"[1, 5, 6, 9, 10]","[""1"", ""5"", ""6"", ""9"", ""10""]",host|ip|temporal,True,
cicids2017,CICIDS-2017,2585508ac445a94a3eb2244aa64778678928d201555396b4b9afc1ed6a2f1ab4,C:\Users\g14370\graph-cold\data\cicids2017,postfilter11,p2d_real_audit_window_train_10000_test_1000,10000,1000,11,tail_asymmetric,0.8,0.0207,1,ablation_hard,hard_deletion,0.5513189044787558,0.006756756756756757,0.10795454545454546,0.05714285714285714,0.043478260869565216,0.0,0.0,16,0,out_of_fold_training_predictions,0,0.9263589562474822,0.7883969888078735,0.8573779725276778,0.9263589562474822,0.7883969888078735,0.8573779725276778,0.9936,0.9936,0.0,0,0,0,0.0,0.0,0.8057849999750033,7.518415451049805,"[1, 5, 6, 9, 10]","[""1"", ""5"", ""6"", ""9"", ""10""]",host|ip|temporal,True,
cicids2017,CICIDS-2017,2585508ac445a94a3eb2244aa64778678928d201555396b4b9afc1ed6a2f1ab4,C:\Users\g14370\graph-cold\data\cicids2017,postfilter11,p2d_real_audit_window_train_10000_test_1000,10000,1000,11,tail_asymmetric,0.8,0.0207,1,Graph-CoLD-soft,scalar_soft,0.5500069312709762,0.0033783783783783786,0.11505681818181818,0.05714285714285714,0.043478260869565216,1.0,1.0,16,16,out_of_fold_training_predictions,16,1.0,1.0,1.0,0.8650306037127731,0.8397246592237528,0.852377631468263,0.8768406047802507,1.0,1.0,64,0,0,0.0,0.0,0.7536771000013687,8.12873363494873,"[1, 5, 6, 9, 10]","[""1"", ""5"", ""6"", ""9"", ""10""]",host|ip|temporal,True,
cicids2017,CICIDS-2017,2585508ac445a94a3eb2244aa64778678928d201555396b4b9afc1ed6a2f1ab4,C:\Users\g14370\graph-cold\data\cicids2017,postfilter11,p2d_real_audit_window_train_10000_test_1000,10000,1000,11,tail_asymmetric,0.8,0.0207,1,Graph-CoLD-semisup,evidence_semisup,0.5557881656268754,0.006756756756756757,0.08664772727272728,0.05714285714285714,0.043478260869565216,0.0,1.0,16,0,out_of_fold_training_predictions,16,1.0,1.0,1.0,0.8650306037127731,0.8397246592237528,0.852377631468263,0.8768406047802507,1.0,1.0,64,25,25,0.0025,0.9233333333333335,1.387307500001043,7.4293622970581055,"[1, 5, 6, 9, 10]","[""1"", ""5"", ""6"", ""9"", ""10""]",host|ip|temporal,True,
cicids2017,CICIDS-2017,2585508ac445a94a3eb2244aa64778678928d201555396b4b9afc1ed6a2f1ab4,C:\Users\g14370\graph-cold\data\cicids2017,postfilter11,p2d_real_audit_window_train_10000_test_1000,10000,1000,11,tail_asymmetric,0.8,0.0207,1,Graph-CoLD,scalar_soft,0.5500069312709762,0.0033783783783783786,0.11505681818181818,0.05714285714285714,0.043478260869565216,1.0,1.0,16,16,out_of_fold_training_predictions,16,1.0,1.0,1.0,0.8650306037127731,0.8397246592237528,0.852377631468263,0.8768406047802507,1.0,1.0,64,0,0,0.0,0.0,0.854407699953299,7.4504594802856445,"[1, 5, 6, 9, 10]","[""1"", ""5"", ""6"", ""9"", ""10""]",host|ip|temporal,True,
cicids2017,CICIDS-2017,2585508ac445a94a3eb2244aa64778678928d201555396b4b9afc1ed6a2f1ab4,C:\Users\g14370\graph-cold\data\cicids2017,postfilter11,p2d_real_audit_window_train_10000_test_1000,10000,1000,11,tail_asymmetric,0.4,0.0103,2,CoLD,cold_hard,0.5730234151514938,0.0033783783783783786,0.109375,0.10714285714285714,0.08695652173913043,0.0,0.0,15,0,out_of_fold_training_predictions,0,0.741794638978816,0.41032719558812575,0.5760609172834709,0.741794638978816,0.41032719558812575,0.5760609172834709,0.9846,0.9846,0.0,0,0,0,0.0,0.0,0.8114380000042729,7.048023223876953,"[1, 5, 6, 9, 10]","[""1"", ""5"", ""6"", ""9"", ""10""]",host|ip|temporal,True,
cicids2017,CICIDS-2017,2585508ac445a94a3eb2244aa64778678928d201555396b4b9afc1ed6a2f1ab4,C:\Users\g14370\graph-cold\data\cicids2017,postfilter11,p2d_real_audit_window_train_10000_test_1000,10000,1000,11,tail_asymmetric,0.4,0.0103,2,ablation_hard,hard_deletion,0.7295820657439989,0.006756756756756757,0.09659090909090909,0.46767676767676764,0.391304347826087,0.0,0.0,15,0,out_of_fold_training_predictions,0,0.9596967740327381,0.9135711584268951,0.9366339662298167,0.9596967740327381,0.9135711584268951,0.9366339662298167,0.9946,0.9946,0.0,0,0,0,0.0,0.0,0.7902336000115611,7.451336860656738,"[1, 5, 6, 9, 10]","[""1"", ""5"", ""6"", ""9"", ""10""]",host|ip|temporal,True,
cicids2017,CICIDS-2017,2585508ac445a94a3eb2244aa64778678928d201555396b4b9afc1ed6a2f1ab4,C:\Users\g14370\graph-cold\data\cicids2017,postfilter11,p2d_real_audit_window_train_10000_test_1000,10000,1000,11,tail_asymmetric,0.4,0.0103,2,Graph-CoLD-soft,scalar_soft,0.7340823126648037,0.006756756756756757,0.10653409090909091,0.47333333333333333,0.391304347826087,1.0,1.0,15,15,out_of_fold_training_predictions,15,1.0,1.0,1.0,0.8733478028059279,0.8666282191671761,0.8699880109865521,0.8775240422484838,1.0,1.0,54,0,0,0.0,0.0,0.7191661999677308,7.427766799926758,"[1, 5, 6, 9, 10]","[""1"", ""5"", ""6"", ""9"", ""10""]",host|ip|temporal,True,
cicids2017,CICIDS-2017,2585508ac445a94a3eb2244aa64778678928d201555396b4b9afc1ed6a2f1ab4,C:\Users\g14370\graph-cold\data\cicids2017,postfilter11,p2d_real_audit_window_train_10000_test_1000,10000,1000,11,tail_asymmetric,0.4,0.0103,2,Graph-CoLD-semisup,evidence_semisup,0.7217723641349789,0.0033783783783783786,0.09943181818181818,0.44222222222222224,0.34782608695652173,0.0,1.0,15,0,out_of_fold_training_predictions,15,1.0,1.0,1.0,0.8733478028059279,0.8666282191671761,0.8699880109865521,0.8775240422484838,1.0,1.0,54,24,23,0.0023,0.8568840579710144,1.147574300004635,8.055511474609375,"[1, 5, 6, 9, 10]","[""1"", ""5"", ""6"", ""9"", ""10""]",host|ip|temporal,True,
cicids2017,CICIDS-2017,2585508ac445a94a3eb2244aa64778678928d201555396b4b9afc1ed6a2f1ab4,C:\Users\g14370\graph-cold\data\cicids2017,postfilter11,p2d_real_audit_window_train_10000_test_1000,10000,1000,11,tail_asymmetric,0.4,0.0103,2,Graph-CoLD,scalar_soft,0.7340823126648037,0.006756756756756757,0.10653409090909091,0.47333333333333333,0.391304347826087,1.0,1.0,15,15,out_of_fold_training_predictions,15,1.0,1.0,1.0,0.8733478028059279,0.8666282191671761,0.8699880109865521,0.8775240422484838,1.0,1.0,54,0,0,0.0,0.0,0.8216312000295147,7.436089515686035,"[1, 5, 6, 9, 10]","[""1"", ""5"", ""6"", ""9"", ""10""]",host|ip|temporal,True,
cicids2017,CICIDS-2017,2585508ac445a94a3eb2244aa64778678928d201555396b4b9afc1ed6a2f1ab4,C:\Users\g14370\graph-cold\data\cicids2017,postfilter11,p2d_real_audit_window_train_10000_test_1000,10000,1000,11,tail_asymmetric,0.6,0.0155,2,CoLD,cold_hard,0.5128213761021985,0.0033783783783783786,0.11931818181818182,0.0,0.0,0.0,0.0,11,0,out_of_fold_training_predictions,0,0.7060155077575141,0.2866356268391781,0.4963255672983461,0.7060155077575141,0.2866356268391781,0.4963255672983461,0.9854,0.9854,0.0,0,0,0,0.0,0.0,0.6144707999774255,7.159914016723633,"[1, 5, 6, 9, 10]","[""1"", ""5"", ""6"", ""9"", ""10""]",host|ip|temporal,True,
cicids2017,CICIDS-2017,2585508ac445a94a3eb2244aa64778678928d201555396b4b9afc1ed6a2f1ab4,C:\Users\g14370\graph-cold\data\cicids2017,postfilter11,p2d_real_audit_window_train_10000_test_1000,10000,1000,11,tail_asymmetric,0.6,0.0155,2,ablation_hard,hard_deletion,0.8595224689560751,0.0033783783783783786,0.09517045454545454,0.7343434343434343,0.4782608695652174,0.0,0.0,11,0,out_of_fold_training_predictions,0,0.9627608508099096,0.9129075544374432,0.9378342026236763,0.9627608508099096,0.9129075544374432,0.9378342026236763,0.9954,0.9954,0.0,0,0,0,0.0,0.0,0.6066772000049241,7.337400436401367,"[1, 5, 6, 9, 10]","[""1"", ""5"", ""6"", ""9"", ""10""]",host|ip|temporal,True,
cicids2017,CICIDS-2017,2585508ac445a94a3eb2244aa64778678928d201555396b4b9afc1ed6a2f1ab4,C:\Users\g14370\graph-cold\data\cicids2017,postfilter11,p2d_real_audit_window_train_10000_test_1000,10000,1000,11,tail_asymmetric,0.6,0.0155,2,Graph-CoLD-soft,scalar_soft,0.8469239439206916,0.0033783783783783786,0.10227272727272728,0.7088888888888889,0.43478260869565216,1.0,1.0,11,11,out_of_fold_training_predictions,11,1.0,1.0,1.0,0.8682486151256804,0.8537482981821622,0.8609984566539213,0.8775942088112959,1.0,1.0,46,0,0,0.0,0.0,0.6505186000140384,7.449947357177734,"[1, 5, 6, 9, 10]","[""1"", ""5"", ""6"", ""9"", ""10""]",host|ip|temporal,True,
cicids2017,CICIDS-2017,2585508ac445a94a3eb2244aa64778678928d201555396b4b9afc1ed6a2f1ab4,C:\Users\g14370\graph-cold\data\cicids2017,postfilter11,p2d_real_audit_window_train_10000_test_1000,10000,1000,11,tail_asymmetric,0.6,0.0155,2,Graph-CoLD-semisup,evidence_semisup,0.8412437162892445,0.0033783783783783786,0.10227272727272728,0.6971428571428572,0.43478260869565216,0.0,1.0,11,0,out_of_fold_training_predictions,11,1.0,1.0,1.0,0.8682486151256804,0.8537482981821622,0.8609984566539213,0.8775942088112959,1.0,1.0,46,20,20,0.002,0.8395833333333333,1.0429947000229731,7.664087295532227,"[1, 5, 6, 9, 10]","[""1"", ""5"", ""6"", ""9"", ""10""]",host|ip|temporal,True,
cicids2017,CICIDS-2017,2585508ac445a94a3eb2244aa64778678928d201555396b4b9afc1ed6a2f1ab4,C:\Users\g14370\graph-cold\data\cicids2017,postfilter11,p2d_real_audit_window_train_10000_test_1000,10000,1000,11,tail_asymmetric,0.6,0.0155,2,Graph-CoLD,scalar_soft,0.8469239439206916,0.0033783783783783786,0.10227272727272728,0.7088888888888889,0.43478260869565216,1.0,1.0,11,11,out_of_fold_training_predictions,11,1.0,1.0,1.0,0.8682486151256804,0.8537482981821622,0.8609984566539213,0.8775942088112959,1.0,1.0,46,0,0,0.0,0.0,0.77473549998831,8.290678024291992,"[1, 5, 6, 9, 10]","[""1"", ""5"", ""6"", ""9"", ""10""]",host|ip|temporal,True,
cicids2017,CICIDS-2017,2585508ac445a94a3eb2244aa64778678928d201555396b4b9afc1ed6a2f1ab4,C:\Users\g14370\graph-cold\data\cicids2017,postfilter11,p2d_real_audit_window_train_10000_test_1000,10000,1000,11,tail_asymmetric,0.8,0.0207,2,CoLD,cold_hard,0.49965307632126843,0.0033783783783783786,0.12357954545454546,0.0,0.0,0.0,0.0,19,0,out_of_fold_training_predictions,0,0.6827220729785054,0.142258985354115,0.4124905291663102,0.6827220729785054,0.142258985354115,0.4124905291663102,0.9846,0.9846,0.0,0,0,0,0.0,0.0,0.806699899956584,6.951587677001953,"[1, 5, 6, 9, 10]","[""1"", ""5"", ""6"", ""9"", ""10""]",host|ip|temporal,True,
cicids2017,CICIDS-2017,2585508ac445a94a3eb2244aa64778678928d201555396b4b9afc1ed6a2f1ab4,C:\Users\g14370\graph-cold\data\cicids2017,postfilter11,p2d_real_audit_window_train_10000_test_1000,10000,1000,11,tail_asymmetric,0.8,0.0207,2,ablation_hard,hard_deletion,0.5466213949395903,0.0033783783783783786,0.11221590909090909,0.05,0.043478260869565216,0.0,0.0,19,0,out_of_fold_training_predictions,0,0.911740875990688,0.7465140822869468,0.8291274791388175,0.911740875990688,0.7465140822869468,0.8291274791388175,0.9946,0.9946,0.0,0,0,0,0.0,0.0,0.7963323000003584,7.44891357421875,"[1, 5, 6, 9, 10]","[""1"", ""5"", ""6"", ""9"", ""10""]",host|ip|temporal,True,
cicids2017,CICIDS-2017,2585508ac445a94a3eb2244aa64778678928d201555396b4b9afc1ed6a2f1ab4,C:\Users\g14370\graph-cold\data\cicids2017,postfilter11,p2d_real_audit_window_train_10000_test_1000,10000,1000,11,tail_asymmetric,0.8,0.0207,2,Graph-CoLD-soft,scalar_soft,0.6283194995512308,0.0033783783783783786,0.09801136363636363,0.22222222222222224,0.13043478260869565,1.0,1.0,19,19,out_of_fold_training_predictions,19,1.0,1.0,1.0,0.854202078355616,0.8086829308317831,0.8314425045936995,0.877411073999681,1.0,1.0,54,0,0,0.0,0.0,1.1099122000159696,8.256339073181152,"[1, 5, 6, 9, 10]","[""1"", ""5"", ""6"", ""9"", ""10""]",host|ip|temporal,True,
cicids2017,CICIDS-2017,2585508ac445a94a3eb2244aa64778678928d201555396b4b9afc1ed6a2f1ab4,C:\Users\g14370\graph-cold\data\cicids2017,postfilter11,p2d_real_audit_window_train_10000_test_1000,10000,1000,11,tail_asymmetric,0.8,0.0207,2,Graph-CoLD-semisup,evidence_semisup,0.5736390595919283,0.0033783783783783786,0.10653409090909091,0.10714285714285714,0.08695652173913043,0.0,1.0,19,0,out_of_fold_training_predictions,19,1.0,1.0,1.0,0.854202078355616,0.8086829308317831,0.8314425045936995,0.877411073999681,1.0,1.0,54,28,27,0.0027,0.9089506172839507,1.166411700018216,8.145923614501953,"[1, 5, 6, 9, 10]","[""1"", ""5"", ""6"", ""9"", ""10""]",host|ip|temporal,True,
cicids2017,CICIDS-2017,2585508ac445a94a3eb2244aa64778678928d201555396b4b9afc1ed6a2f1ab4,C:\Users\g14370\graph-cold\data\cicids2017,postfilter11,p2d_real_audit_window_train_10000_test_1000,10000,1000,11,tail_asymmetric,0.8,0.0207,2,Graph-CoLD,scalar_soft,0.6283194995512308,0.0033783783783783786,0.09801136363636363,0.22222222222222224,0.13043478260869565,1.0,1.0,19,19,out_of_fold_training_predictions,19,1.0,1.0,1.0,0.854202078355616,0.8086829308317831,0.8314425045936995,0.877411073999681,1.0,1.0,54,0,0,0.0,0.0,0.6673762000282295,7.449990272521973,"[1, 5, 6, 9, 10]","[""1"", ""5"", ""6"", ""9"", ""10""]",host|ip|temporal,True,
cesnet_tls_year22,CESNET-TLS-Year22,490bb4402e111c4ef752272e17d8faee44ce9ef25a0063c7c84ff4d3cb7f9084,E:\graphcold-data\tls_alternative\cesnet_tls_year22,postfilter,p2d_real_audit_window_train_10000_test_1000,10000,1000,25,tail_asymmetric,0.4,0.1248,0,CoLD,cold_hard,0.8306070400984642,0.0,0.1264131551901336,0.7407422239233384,0.5921052631578947,0.0,0.0,35,0,out_of_fold_training_predictions,0,0.8926157712351763,0.8997818612274794,0.8961988162313279,0.8926157712351763,0.8997818612274794,0.8961988162313279,0.9771,0.9771,0.0,0,0,0,0.0,0.0,0.8709838000359014,16.253743171691895,"[1, 3, 4, 5, 6, 7, 8, 10, 16, 19, 21, 23, 24]","[""1"", ""3"", ""4"", ""5"", ""6"", ""7"", ""8"", ""10"", ""16"", ""19"", ""21"", ""23"", ""24""]",ip|temporal,True,MALTLS-22
cesnet_tls_year22,CESNET-TLS-Year22,490bb4402e111c4ef752272e17d8faee44ce9ef25a0063c7c84ff4d3cb7f9084,E:\graphcold-data\tls_alternative\cesnet_tls_year22,postfilter,p2d_real_audit_window_train_10000_test_1000,10000,1000,25,tail_asymmetric,0.4,0.1248,0,ablation_hard,hard_deletion,0.836764626781519,0.0,0.12435765673175746,0.7518903981727528,0.5986842105263158,0.0,0.0,35,0,out_of_fold_training_predictions,0,0.9706143244289019,0.9774901786424584,0.9740522515356802,0.9706143244289019,0.9774901786424584,0.9740522515356802,0.987,0.987,0.0,0,0,0,0.0,0.0,0.8281531999818981,18.140130043029785,"[1, 3, 4, 5, 6, 7, 8, 10, 16, 19, 21, 23, 24]","[""1"", ""3"", ""4"", ""5"", ""6"", ""7"", ""8"", ""10"", ""16"", ""19"", ""21"", ""23"", ""24""]",ip|temporal,True,MALTLS-22
cesnet_tls_year22,CESNET-TLS-Year22,490bb4402e111c4ef752272e17d8faee44ce9ef25a0063c7c84ff4d3cb7f9084,E:\graphcold-data\tls_alternative\cesnet_tls_year22,postfilter,p2d_real_audit_window_train_10000_test_1000,10000,1000,25,tail_asymmetric,0.4,0.1248,0,Graph-CoLD-soft,scalar_soft,0.8402389203063053,0.0,0.12127440904419322,0.7572716210893891,0.6052631578947368,1.0,1.0,35,35,out_of_fold_training_predictions,35,1.0,1.0,1.0,0.8624948425896729,0.8642176224495294,0.8633562325196011,0.8693200053543813,1.0,1.0,130,0,0,0.0,0.0,0.8057910000206903,16.306415557861328,"[1, 3, 4, 5, 6, 7, 8, 10, 16, 19, 21, 23, 24]","[""1"", ""3"", ""4"", ""5"", ""6"", ""7"", ""8"", ""10"", ""16"", ""19"", ""21"", ""23"", ""24""]",ip|temporal,True,MALTLS-22
cesnet_tls_year22,CESNET-TLS-Year22,490bb4402e111c4ef752272e17d8faee44ce9ef25a0063c7c84ff4d3cb7f9084,E:\graphcold-data\tls_alternative\cesnet_tls_year22,postfilter,p2d_real_audit_window_train_10000_test_1000,10000,1000,25,tail_asymmetric,0.4,0.1248,0,Graph-CoLD-semisup,evidence_semisup,0.8396688086639031,0.0,0.12538540596094552,0.7559669179493276,0.5986842105263158,0.3142857142857143,1.0,35,11,out_of_fold_training_predictions,35,1.0,1.0,1.0,0.8624948425896729,0.8642176224495294,0.8633562325196011,0.8693200053543813,1.0,1.0,130,55,46,0.0046,0.7980072463768116,1.4118876000284217,15.920321464538574,"[1, 3, 4, 5, 6, 7, 8, 10, 16, 19, 21, 23, 24]","[""1"", ""3"", ""4"", ""5"", ""6"", ""7"", ""8"", ""10"", ""16"", ""19"", ""21"", ""23"", ""24""]",ip|temporal,True,MALTLS-22
cesnet_tls_year22,CESNET-TLS-Year22,490bb4402e111c4ef752272e17d8faee44ce9ef25a0063c7c84ff4d3cb7f9084,E:\graphcold-data\tls_alternative\cesnet_tls_year22,postfilter,p2d_real_audit_window_train_10000_test_1000,10000,1000,25,tail_asymmetric,0.4,0.1248,0,Graph-CoLD,scalar_soft,0.8402389203063053,0.0,0.12127440904419322,0.7572716210893891,0.6052631578947368,1.0,1.0,35,35,out_of_fold_training_predictions,35,1.0,1.0,1.0,0.8624948425896729,0.8642176224495294,0.8633562325196011,0.8693200053543813,1.0,1.0,130,0,0,0.0,0.0,0.6709244000376202,17.940082550048828,"[1, 3, 4, 5, 6, 7, 8, 10, 16, 19, 21, 23, 24]","[""1"", ""3"", ""4"", ""5"", ""6"", ""7"", ""8"", ""10"", ""16"", ""19"", ""21"", ""23"", ""24""]",ip|temporal,True,MALTLS-22
cesnet_tls_year22,CESNET-TLS-Year22,490bb4402e111c4ef752272e17d8faee44ce9ef25a0063c7c84ff4d3cb7f9084,E:\graphcold-data\tls_alternative\cesnet_tls_year22,postfilter,p2d_real_audit_window_train_10000_test_1000,10000,1000,25,tail_asymmetric,0.6,0.1872,0,CoLD,cold_hard,0.6663948621217014,0.0,0.22199383350462487,0.4317037567134336,0.2894736842105263,0.0,0.0,81,0,out_of_fold_training_predictions,0,0.8506290622127208,0.8267377300451034,0.8386833961289122,0.8506290622127208,0.8267377300451034,0.8386833961289122,0.9768,0.9768,0.0,0,0,0,0.0,0.0,0.712074700044468,15.94031047821045,"[1, 3, 4, 5, 6, 7, 8, 10, 16, 19, 21, 23, 24]","[""1"", ""3"", ""4"", ""5"", ""6"", ""7"", ""8"", ""10"", ""16"", ""19"", ""21"", ""23"", ""24""]",ip|temporal,True,MALTLS-22
cesnet_tls_year22,CESNET-TLS-Year22,490bb4402e111c4ef752272e17d8faee44ce9ef25a0063c7c84ff4d3cb7f9084,E:\graphcold-data\tls_alternative\cesnet_tls_year22,postfilter,p2d_real_audit_window_train_10000_test_1000,10000,1000,25,tail_asymmetric,0.6,0.1872,0,ablation_hard,hard_deletion,0.6847424637593441,0.0,0.2147995889003083,0.46919353880445025,0.3125,0.0,0.0,81,0,out_of_fold_training_predictions,0,0.9358079686499918,0.9278457761973302,0.931826872423661,0.9358079686499918,0.9278457761973302,0.931826872423661,0.9867,0.9867,0.0,0,0,0,0.0,0.0,0.7288982999743894,16.00129508972168,"[1, 3, 4, 5, 6, 7, 8, 10, 16, 19, 21, 23, 24]","[""1"", ""3"", ""4"", ""5"", ""6"", ""7"", ""8"", ""10"", ""16"", ""19"", ""21"", ""23"", ""24""]",ip|temporal,True,MALTLS-22
cesnet_tls_year22,CESNET-TLS-Year22,490bb4402e111c4ef752272e17d8faee44ce9ef25a0063c7c84ff4d3cb7f9084,E:\graphcold-data\tls_alternative\cesnet_tls_year22,postfilter,p2d_real_audit_window_train_10000_test_1000,10000,1000,25,tail_asymmetric,0.6,0.1872,0,Graph-CoLD-soft,scalar_soft,0.7076372847991366,0.0,0.20246659815005139,0.515100908334361,0.3519736842105263,1.0,1.0,81,81,out_of_fold_training_predictions,81,1.0,1.0,1.0,0.8425683569441123,0.8352317399787884,0.8389000484614504,0.8701582058167528,1.0,1.0,133,0,0,0.0,0.0,0.6931021999916993,16.053600311279297,"[1, 3, 4, 5, 6, 7, 8, 10, 16, 19, 21, 23, 24]","[""1"", ""3"", ""4"", ""5"", ""6"", ""7"", ""8"", ""10"", ""16"", ""19"", ""21"", ""23"", ""24""]",ip|temporal,True,MALTLS-22
cesnet_tls_year22,CESNET-TLS-Year22,490bb4402e111c4ef752272e17d8faee44ce9ef25a0063c7c84ff4d3cb7f9084,E:\graphcold-data\tls_alternative\cesnet_tls_year22,postfilter,p2d_real_audit_window_train_10000_test_1000,10000,1000,25,tail_asymmetric,0.6,0.1872,0,Graph-CoLD-semisup,evidence_semisup,0.6852988617004795,0.0,0.2147995889003083,0.4673298898923494,0.3125,0.037037037037037035,1.0,81,3,out_of_fold_training_predictions,81,1.0,1.0,1.0,0.8425683569441123,0.8352317399787884,0.8389000484614504,0.8701582058167528,1.0,1.0,133,103,100,0.01,0.81125,1.2287826999672689,15.924720764160156,"[1, 3, 4, 5, 6, 7, 8, 10, 16, 19, 21, 23, 24]","[""1"", ""3"", ""4"", ""5"", ""6"", ""7"", ""8"", ""10"", ""16"", ""19"", ""21"", ""23"", ""24""]",ip|temporal,True,MALTLS-22
cesnet_tls_year22,CESNET-TLS-Year22,490bb4402e111c4ef752272e17d8faee44ce9ef25a0063c7c84ff4d3cb7f9084,E:\graphcold-data\tls_alternative\cesnet_tls_year22,postfilter,p2d_real_audit_window_train_10000_test_1000,10000,1000,25,tail_asymmetric,0.6,0.1872,0,Graph-CoLD,scalar_soft,0.7076372847991366,0.0,0.20246659815005139,0.515100908334361,0.3519736842105263,1.0,1.0,81,81,out_of_fold_training_predictions,81,1.0,1.0,1.0,0.8425683569441123,0.8352317399787884,0.8389000484614504,0.8701582058167528,1.0,1.0,133,0,0,0.0,0.0,1.0046187000116333,16.063020706176758,"[1, 3, 4, 5, 6, 7, 8, 10, 16, 19, 21, 23, 24]","[""1"", ""3"", ""4"", ""5"", ""6"", ""7"", ""8"", ""10"", ""16"", ""19"", ""21"", ""23"", ""24""]",ip|temporal,True,MALTLS-22
cesnet_tls_year22,CESNET-TLS-Year22,490bb4402e111c4ef752272e17d8faee44ce9ef25a0063c7c84ff4d3cb7f9084,E:\graphcold-data\tls_alternative\cesnet_tls_year22,postfilter,p2d_real_audit_window_train_10000_test_1000,10000,1000,25,tail_asymmetric,0.8,0.2496,0,CoLD,cold_hard,0.4969720664770344,0.0,0.2918807810894142,0.1125619550624469,0.06578947368421052,0.0,0.0,154,0,out_of_fold_training_predictions,0,0.7328309962459241,0.569302245811697,0.6510666210288105,0.7328309962459241,0.569302245811697,0.6510666210288105,0.9701,0.9701,0.0,0,0,0,0.0,0.0,0.8616185000282712,15.468234062194824,"[1, 3, 4, 5, 6, 7, 8, 10, 16, 19, 21, 23, 24]","[""1"", ""3"", ""4"", ""5"", ""6"", ""7"", ""8"", ""10"", ""16"", ""19"", ""21"", ""23"", ""24""]",ip|temporal,True,MALTLS-22
cesnet_tls_year22,CESNET-TLS-Year22,490bb4402e111c4ef752272e17d8faee44ce9ef25a0063c7c84ff4d3cb7f9084,E:\graphcold-data\tls_alternative\cesnet_tls_year22,postfilter,p2d_real_audit_window_train_10000_test_1000,10000,1000,25,tail_asymmetric,0.8,0.2496,0,ablation_hard,hard_deletion,0.51708303525868,0.0,0.2867420349434738,0.14713576862659977,0.08223684210526316,0.0,0.0,154,0,out_of_fold_training_predictions,0,0.8400631467016992,0.7433863373786325,0.7917247420401659,0.8400631467016992,0.7433863373786325,0.7917247420401659,0.9799,0.9799,0.0,0,0,0,0.0,0.0,0.7932664999971166,16.048288345336914,"[1, 3, 4, 5, 6, 7, 8, 10, 16, 19, 21, 23, 24]","[""1"", ""3"", ""4"", ""5"", ""6"", ""7"", ""8"", ""10"", ""16"", ""19"", ""21"", ""23"", ""24""]",ip|temporal,True,MALTLS-22
cesnet_tls_year22,CESNET-TLS-Year22,490bb4402e111c4ef752272e17d8faee44ce9ef25a0063c7c84ff4d3cb7f9084,E:\graphcold-data\tls_alternative\cesnet_tls_year22,postfilter,p2d_real_audit_window_train_10000_test_1000,10000,1000,25,tail_asymmetric,0.8,0.2496,0,Graph-CoLD-soft,scalar_soft,0.5504968205918859,0.0,0.27543679342240496,0.21227947839356356,0.11842105263157894,1.0,1.0,154,154,out_of_fold_training_predictions,154,1.0,1.0,1.0,0.8041240322184338,0.7568893126417042,0.780506672430069,0.8692643353022249,1.0,1.0,201,0,0,0.0,0.0,0.8559221000177786,14.167803764343262,"[1, 3, 4, 5, 6, 7, 8, 10, 16, 19, 21, 23, 24]","[""1"", ""3"", ""4"", ""5"", ""6"", ""7"", ""8"", ""10"", ""16"", ""19"", ""21"", ""23"", ""24""]",ip|temporal,True,MALTLS-22
cesnet_tls_year22,CESNET-TLS-Year22,490bb4402e111c4ef752272e17d8faee44ce9ef25a0063c7c84ff4d3cb7f9084,E:\graphcold-data\tls_alternative\cesnet_tls_year22,postfilter,p2d_real_audit_window_train_10000_test_1000,10000,1000,25,tail_asymmetric,0.8,0.2496,0,Graph-CoLD-semisup,evidence_semisup,0.5309162807135666,0.0,0.2816032887975334,0.1761781711850569,0.09868421052631579,0.012987012987012988,1.0,154,2,out_of_fold_training_predictions,154,1.0,1.0,1.0,0.8041240322184338,0.7568893126417042,0.780506672430069,0.8692643353022249,1.0,1.0,201,179,177,0.0177,0.9336158192090396,1.3441815000260249,17.975502967834473,"[1, 3, 4, 5, 6, 7, 8, 10, 16, 19, 21, 23, 24]","[""1"", ""3"", ""4"", ""5"", ""6"", ""7"", ""8"", ""10"", ""16"", ""19"", ""21"", ""23"", ""24""]",ip|temporal,True,MALTLS-22
cesnet_tls_year22,CESNET-TLS-Year22,490bb4402e111c4ef752272e17d8faee44ce9ef25a0063c7c84ff4d3cb7f9084,E:\graphcold-data\tls_alternative\cesnet_tls_year22,postfilter,p2d_real_audit_window_train_10000_test_1000,10000,1000,25,tail_asymmetric,0.8,0.2496,0,Graph-CoLD,scalar_soft,0.5504968205918859,0.0,0.27543679342240496,0.21227947839356356,0.11842105263157894,1.0,1.0,154,154,out_of_fold_training_predictions,154,1.0,1.0,1.0,0.8041240322184338,0.7568893126417042,0.780506672430069,0.8692643353022249,1.0,1.0,201,0,0,0.0,0.0,0.7186950999894179,15.964667320251465,"[1, 3, 4, 5, 6, 7, 8, 10, 16, 19, 21, 23, 24]","[""1"", ""3"", ""4"", ""5"", ""6"", ""7"", ""8"", ""10"", ""16"", ""19"", ""21"", ""23"", ""24""]",ip|temporal,True,MALTLS-22
cesnet_tls_year22,CESNET-TLS-Year22,490bb4402e111c4ef752272e17d8faee44ce9ef25a0063c7c84ff4d3cb7f9084,E:\graphcold-data\tls_alternative\cesnet_tls_year22,postfilter,p2d_real_audit_window_train_10000_test_1000,10000,1000,25,tail_asymmetric,0.4,0.1248,1,CoLD,cold_hard,0.7968344924545393,0.0,0.13874614594039056,0.6707522519388234,0.5526315789473685,0.0,0.0,29,0,out_of_fold_training_predictions,0,0.9156612887702982,0.9108942827997587,0.9132777857850285,0.9156612887702982,0.9108942827997587,0.9132777857850285,0.9782,0.9782,0.0,0,0,0,0.0,0.0,0.8616436999873258,17.08851146697998,"[1, 3, 4, 5, 6, 7, 8, 10, 16, 19, 21, 23, 24]","[""1"", ""3"", ""4"", ""5"", ""6"", ""7"", ""8"", ""10"", ""16"", ""19"", ""21"", ""23"", ""24""]",ip|temporal,True,MALTLS-22
cesnet_tls_year22,CESNET-TLS-Year22,490bb4402e111c4ef752272e17d8faee44ce9ef25a0063c7c84ff4d3cb7f9084,E:\graphcold-data\tls_alternative\cesnet_tls_year22,postfilter,p2d_real_audit_window_train_10000_test_1000,10000,1000,25,tail_asymmetric,0.4,0.1248,1,ablation_hard,hard_deletion,0.7996794407956167,0.0,0.14285714285714285,0.6809801086759916,0.5361842105263158,0.0,0.0,29,0,out_of_fold_training_predictions,0,0.9810809471427638,0.9808525556050177,0.9809667513738908,0.9810809471427638,0.9808525556050177,0.9809667513738908,0.9881,0.9881,0.0,0,0,0,0.0,0.0,0.8939758000196889,17.865761756896973,"[1, 3, 4, 5, 6, 7, 8, 10, 16, 19, 21, 23, 24]","[""1"", ""3"", ""4"", ""5"", ""6"", ""7"", ""8"", ""10"", ""16"", ""19"", ""21"", ""23"", ""24""]",ip|temporal,True,MALTLS-22
cesnet_tls_year22,CESNET-TLS-Year22,490bb4402e111c4ef752272e17d8faee44ce9ef25a0063c7c84ff4d3cb7f9084,E:\graphcold-data\tls_alternative\cesnet_tls_year22,postfilter,p2d_real_audit_window_train_10000_test_1000,10000,1000,25,tail_asymmetric,0.4,0.1248,1,Graph-CoLD-soft,scalar_soft,0.8180138112682549,0.0,0.13463514902363824,0.7122979880276872,0.569078947368421,1.0,1.0,29,29,out_of_fold_training_predictions,29,1.0,1.0,1.0,0.8649055344184312,0.8643305147128513,0.8646180245656412,0.8690968643835629,1.0,1.0,119,0,0,0.0,0.0,0.7357388999662362,16.078994750976562,"[1, 3, 4, 5, 6, 7, 8, 10, 16, 19, 21, 23, 24]","[""1"", ""3"", ""4"", ""5"", ""6"", ""7"", ""8"", ""10"", ""16"", ""19"", ""21"", ""23"", ""24""]",ip|temporal,True,MALTLS-22
cesnet_tls_year22,CESNET-TLS-Year22,490bb4402e111c4ef752272e17d8faee44ce9ef25a0063c7c84ff4d3cb7f9084,E:\graphcold-data\tls_alternative\cesnet_tls_year22,postfilter,p2d_real_audit_window_train_10000_test_1000,10000,1000,25,tail_asymmetric,0.4,0.1248,1,Graph-CoLD-semisup,evidence_semisup,0.82396363938727,0.0,0.12846865364850976,0.7229873431979671,0.5888157894736842,0.3793103448275862,1.0,29,11,out_of_fold_training_predictions,29,1.0,1.0,1.0,0.8649055344184312,0.8643305147128513,0.8646180245656412,0.8690968643835629,1.0,1.0,119,33,27,0.0027,0.7037037037037038,1.2831310000037774,16.084858894348145,"[1, 3, 4, 5, 6, 7, 8, 10, 16, 19, 21, 23, 24]","[""1"", ""3"", ""4"", ""5"", ""6"", ""7"", ""8"", ""10"", ""16"", ""19"", ""21"", ""23"", ""24""]",ip|temporal,True,MALTLS-22
cesnet_tls_year22,CESNET-TLS-Year22,490bb4402e111c4ef752272e17d8faee44ce9ef25a0063c7c84ff4d3cb7f9084,E:\graphcold-data\tls_alternative\cesnet_tls_year22,postfilter,p2d_real_audit_window_train_10000_test_1000,10000,1000,25,tail_asymmetric,0.4,0.1248,1,Graph-CoLD,scalar_soft,0.8180138112682549,0.0,0.13463514902363824,0.7122979880276872,0.569078947368421,1.0,1.0,29,29,out_of_fold_training_predictions,29,1.0,1.0,1.0,0.8649055344184312,0.8643305147128513,0.8646180245656412,0.8690968643835629,1.0,1.0,119,0,0,0.0,0.0,0.762902100046631,14.135540962219238,"[1, 3, 4, 5, 6, 7, 8, 10, 16, 19, 21, 23, 24]","[""1"", ""3"", ""4"", ""5"", ""6"", ""7"", ""8"", ""10"", ""16"", ""19"", ""21"", ""23"", ""24""]",ip|temporal,True,MALTLS-22
cesnet_tls_year22,CESNET-TLS-Year22,490bb4402e111c4ef752272e17d8faee44ce9ef25a0063c7c84ff4d3cb7f9084,E:\graphcold-data\tls_alternative\cesnet_tls_year22,postfilter,p2d_real_audit_window_train_10000_test_1000,10000,1000,25,tail_asymmetric,0.6,0.1872,1,CoLD,cold_hard,0.6406794144701271,0.0,0.23329907502569372,0.37764967636948843,0.2532894736842105,0.0,0.0,74,0,out_of_fold_training_predictions,0,0.8691854368901275,0.8375381781177741,0.8533618075039509,0.8691854368901275,0.8375381781177741,0.8533618075039509,0.9785,0.9785,0.0,0,0,0,0.0,0.0,0.6605967999785207,15.371760368347168,"[1, 3, 4, 5, 6, 7, 8, 10, 16, 19, 21, 23, 24]","[""1"", ""3"", ""4"", ""5"", ""6"", ""7"", ""8"", ""10"", ""16"", ""19"", ""21"", ""23"", ""24""]",ip|temporal,True,MALTLS-22
cesnet_tls_year22,CESNET-TLS-Year22,490bb4402e111c4ef752272e17d8faee44ce9ef25a0063c7c84ff4d3cb7f9084,E:\graphcold-data\tls_alternative\cesnet_tls_year22,postfilter,p2d_real_audit_window_train_10000_test_1000,10000,1000,25,tail_asymmetric,0.6,0.1872,1,ablation_hard,hard_deletion,0.6479906041703329,0.0,0.23329907502569372,0.3917096565621918,0.2532894736842105,0.0,0.0,74,0,out_of_fold_training_predictions,0,0.94741183918052,0.9352531750575709,0.9413325071190455,0.94741183918052,0.9352531750575709,0.9413325071190455,0.9884,0.9884,0.0,0,0,0,0.0,0.0,0.7579342999961227,17.7963285446167,"[1, 3, 4, 5, 6, 7, 8, 10, 16, 19, 21, 23, 24]","[""1"", ""3"", ""4"", ""5"", ""6"", ""7"", ""8"", ""10"", ""16"", ""19"", ""21"", ""23"", ""24""]",ip|temporal,True,MALTLS-22
cesnet_tls_year22,CESNET-TLS-Year22,490bb4402e111c4ef752272e17d8faee44ce9ef25a0063c7c84ff4d3cb7f9084,E:\graphcold-data\tls_alternative\cesnet_tls_year22,postfilter,p2d_real_audit_window_train_10000_test_1000,10000,1000,25,tail_asymmetric,0.6,0.1872,1,Graph-CoLD-soft,scalar_soft,0.6655104710712639,0.0,0.2250770811921891,0.42754928863682184,0.27631578947368424,1.0,1.0,74,74,out_of_fold_training_predictions,74,1.0,1.0,1.0,0.8450059358175208,0.8362147566589232,0.840610346238222,0.8702466141096238,1.0,1.0,116,0,0,0.0,0.0,0.8963786999811418,17.703444480895996,"[1, 3, 4, 5, 6, 7, 8, 10, 16, 19, 21, 23, 24]","[""1"", ""3"", ""4"", ""5"", ""6"", ""7"", ""8"", ""10"", ""16"", ""19"", ""21"", ""23"", ""24""]",ip|temporal,True,MALTLS-22
cesnet_tls_year22,CESNET-TLS-Year22,490bb4402e111c4ef752272e17d8faee44ce9ef25a0063c7c84ff4d3cb7f9084,E:\graphcold-data\tls_alternative\cesnet_tls_year22,postfilter,p2d_real_audit_window_train_10000_test_1000,10000,1000,25,tail_asymmetric,0.6,0.1872,1,Graph-CoLD-semisup,evidence_semisup,0.6531886369356665,0.0,0.23227132579650564,0.4029445565446137,0.2565789473684211,0.02702702702702703,1.0,74,2,out_of_fold_training_predictions,74,1.0,1.0,1.0,0.8450059358175208,0.8362147566589232,0.840610346238222,0.8702466141096238,1.0,1.0,116,83,81,0.0081,0.8518518518518519,1.376110700017307,16.10721778869629,"[1, 3, 4, 5, 6, 7, 8, 10, 16, 19, 21, 23, 24]","[""1"", ""3"", ""4"", ""5"", ""6"", ""7"", ""8"", ""10"", ""16"", ""19"", ""21"", ""23"", ""24""]",ip|temporal,True,MALTLS-22
cesnet_tls_year22,CESNET-TLS-Year22,490bb4402e111c4ef752272e17d8faee44ce9ef25a0063c7c84ff4d3cb7f9084,E:\graphcold-data\tls_alternative\cesnet_tls_year22,postfilter,p2d_real_audit_window_train_10000_test_1000,10000,1000,25,tail_asymmetric,0.6,0.1872,1,Graph-CoLD,scalar_soft,0.6655104710712639,0.0,0.2250770811921891,0.42754928863682184,0.27631578947368424,1.0,1.0,74,74,out_of_fold_training_predictions,74,1.0,1.0,1.0,0.8450059358175208,0.8362147566589232,0.840610346238222,0.8702466141096238,1.0,1.0,116,0,0,0.0,0.0,0.7154406000045128,16.11918544769287,"[1, 3, 4, 5, 6, 7, 8, 10, 16, 19, 21, 23, 24]","[""1"", ""3"", ""4"", ""5"", ""6"", ""7"", ""8"", ""10"", ""16"", ""19"", ""21"", ""23"", ""24""]",ip|temporal,True,MALTLS-22
cesnet_tls_year22,CESNET-TLS-Year22,490bb4402e111c4ef752272e17d8faee44ce9ef25a0063c7c84ff4d3cb7f9084,E:\graphcold-data\tls_alternative\cesnet_tls_year22,postfilter,p2d_real_audit_window_train_10000_test_1000,10000,1000,25,tail_asymmetric,0.8,0.2496,1,CoLD,cold_hard,0.5192916553163406,0.0,0.28263103802672146,0.1476598537578574,0.09539473684210527,0.0,0.0,172,0,out_of_fold_training_predictions,0,0.7070503776912841,0.5319729500752745,0.6195116638832793,0.7070503776912841,0.5319729500752745,0.6195116638832793,0.9692,0.9692,0.0,0,0,0,0.0,0.0,0.9665280000190251,14.233697891235352,"[1, 3, 4, 5, 6, 7, 8, 10, 16, 19, 21, 23, 24]","[""1"", ""3"", ""4"", ""5"", ""6"", ""7"", ""8"", ""10"", ""16"", ""19"", ""21"", ""23"", ""24""]",ip|temporal,True,MALTLS-22
cesnet_tls_year22,CESNET-TLS-Year22,490bb4402e111c4ef752272e17d8faee44ce9ef25a0063c7c84ff4d3cb7f9084,E:\graphcold-data\tls_alternative\cesnet_tls_year22,postfilter,p2d_real_audit_window_train_10000_test_1000,10000,1000,25,tail_asymmetric,0.8,0.2496,1,ablation_hard,hard_deletion,0.5426383229313775,0.0,0.2774922918807811,0.19365173691669652,0.1118421052631579,0.0,0.0,172,0,out_of_fold_training_predictions,0,0.8215070914597421,0.7167483715287953,0.7691277314942687,0.8215070914597421,0.7167483715287953,0.7691277314942687,0.979,0.979,0.0,0,0,0,0.0,0.0,1.032238099956885,17.63937282562256,"[1, 3, 4, 5, 6, 7, 8, 10, 16, 19, 21, 23, 24]","[""1"", ""3"", ""4"", ""5"", ""6"", ""7"", ""8"", ""10"", ""16"", ""19"", ""21"", ""23"", ""24""]",ip|temporal,True,MALTLS-22
cesnet_tls_year22,CESNET-TLS-Year22,490bb4402e111c4ef752272e17d8faee44ce9ef25a0063c7c84ff4d3cb7f9084,E:\graphcold-data\tls_alternative\cesnet_tls_year22,postfilter,p2d_real_audit_window_train_10000_test_1000,10000,1000,25,tail_asymmetric,0.8,0.2496,1,Graph-CoLD-soft,scalar_soft,0.5773810069774724,0.0,0.2641315519013361,0.25863939911290734,0.15460526315789475,1.0,1.0,172,172,out_of_fold_training_predictions,172,1.0,1.0,1.0,0.8427348574460511,0.8197660780913909,0.831250467768721,0.874409286523819,1.0,1.0,210,0,0,0.0,0.0,0.6440166999818757,16.06794261932373,"[1, 3, 4, 5, 6, 7, 8, 10, 16, 19, 21, 23, 24]","[""1"", ""3"", ""4"", ""5"", ""6"", ""7"", ""8"", ""10"", ""16"", ""19"", ""21"", ""23"", ""24""]",ip|temporal,True,MALTLS-22
cesnet_tls_year22,CESNET-TLS-Year22,490bb4402e111c4ef752272e17d8faee44ce9ef25a0063c7c84ff4d3cb7f9084,E:\graphcold-data\tls_alternative\cesnet_tls_year22,postfilter,p2d_real_audit_window_train_10000_test_1000,10000,1000,25,tail_asymmetric,0.8,0.2496,1,Graph-CoLD-semisup,evidence_semisup,0.543679484462009,0.0,0.27646454265159304,0.19432499258130623,0.11513157894736842,0.005813953488372093,1.0,172,1,out_of_fold_training_predictions,172,1.0,1.0,1.0,0.8427348574460511,0.8197660780913909,0.831250467768721,0.874409286523819,1.0,1.0,210,181,180,0.018,0.9472222222222222,0.8985470999614336,17.904261589050293,"[1, 3, 4, 5, 6, 7, 8, 10, 16, 19, 21, 23, 24]","[""1"", ""3"", ""4"", ""5"", ""6"", ""7"", ""8"", ""10"", ""16"", ""19"", ""21"", ""23"", ""24""]",ip|temporal,True,MALTLS-22
cesnet_tls_year22,CESNET-TLS-Year22,490bb4402e111c4ef752272e17d8faee44ce9ef25a0063c7c84ff4d3cb7f9084,E:\graphcold-data\tls_alternative\cesnet_tls_year22,postfilter,p2d_real_audit_window_train_10000_test_1000,10000,1000,25,tail_asymmetric,0.8,0.2496,1,Graph-CoLD,scalar_soft,0.5773810069774724,0.0,0.2641315519013361,0.25863939911290734,0.15460526315789475,1.0,1.0,172,172,out_of_fold_training_predictions,172,1.0,1.0,1.0,0.8427348574460511,0.8197660780913909,0.831250467768721,0.874409286523819,1.0,1.0,210,0,0,0.0,0.0,0.542262299975846,16.234395027160645,"[1, 3, 4, 5, 6, 7, 8, 10, 16, 19, 21, 23, 24]","[""1"", ""3"", ""4"", ""5"", ""6"", ""7"", ""8"", ""10"", ""16"", ""19"", ""21"", ""23"", ""24""]",ip|temporal,True,MALTLS-22
cesnet_tls_year22,CESNET-TLS-Year22,490bb4402e111c4ef752272e17d8faee44ce9ef25a0063c7c84ff4d3cb7f9084,E:\graphcold-data\tls_alternative\cesnet_tls_year22,postfilter,p2d_real_audit_window_train_10000_test_1000,10000,1000,25,tail_asymmetric,0.4,0.1248,2,CoLD,cold_hard,0.8159095960218182,0.0,0.12949640287769784,0.7085549237028624,0.5756578947368421,0.0,0.0,36,0,out_of_fold_training_predictions,0,0.9162876141016544,0.9147056145622129,0.9154966143319336,0.9162876141016544,0.9147056145622129,0.9154966143319336,0.9771,0.9771,0.0,0,0,0,0.0,0.0,0.6912083000061102,16.174640655517578,"[1, 3, 4, 5, 6, 7, 8, 10, 16, 19, 21, 23, 24]","[""1"", ""3"", ""4"", ""5"", ""6"", ""7"", ""8"", ""10"", ""16"", ""19"", ""21"", ""23"", ""24""]",ip|temporal,True,MALTLS-22
cesnet_tls_year22,CESNET-TLS-Year22,490bb4402e111c4ef752272e17d8faee44ce9ef25a0063c7c84ff4d3cb7f9084,E:\graphcold-data\tls_alternative\cesnet_tls_year22,postfilter,p2d_real_audit_window_train_10000_test_1000,10000,1000,25,tail_asymmetric,0.4,0.1248,2,ablation_hard,hard_deletion,0.8327895330792623,0.0,0.12435765673175746,0.7381383190742794,0.5953947368421053,0.0,0.0,36,0,out_of_fold_training_predictions,0,0.9782920980103016,0.9795392724422033,0.9789156852262524,0.9782920980103016,0.9795392724422033,0.9789156852262524,0.987,0.987,0.0,0,0,0,0.0,0.0,0.564570399990771,18.023330688476562,"[1, 3, 4, 5, 6, 7, 8, 10, 16, 19, 21, 23, 24]","[""1"", ""3"", ""4"", ""5"", ""6"", ""7"", ""8"", ""10"", ""16"", ""19"", ""21"", ""23"", ""24""]",ip|temporal,True,MALTLS-22
cesnet_tls_year22,CESNET-TLS-Year22,490bb4402e111c4ef752272e17d8faee44ce9ef25a0063c7c84ff4d3cb7f9084,E:\graphcold-data\tls_alternative\cesnet_tls_year22,postfilter,p2d_real_audit_window_train_10000_test_1000,10000,1000,25,tail_asymmetric,0.4,0.1248,2,Graph-CoLD-soft,scalar_soft,0.834431779685777,0.0,0.12435765673175746,0.7425879629321884,0.5986842105263158,1.0,1.0,36,36,out_of_fold_training_predictions,36,1.0,1.0,1.0,0.8696322093902451,0.8700048017810189,0.869818505585632,0.8702999438633447,1.0,1.0,130,0,0,0.0,0.0,0.6475919000222348,17.906237602233887,"[1, 3, 4, 5, 6, 7, 8, 10, 16, 19, 21, 23, 24]","[""1"", ""3"", ""4"", ""5"", ""6"", ""7"", ""8"", ""10"", ""16"", ""19"", ""21"", ""23"", ""24""]",ip|temporal,True,MALTLS-22
cesnet_tls_year22,CESNET-TLS-Year22,490bb4402e111c4ef752272e17d8faee44ce9ef25a0063c7c84ff4d3cb7f9084,E:\graphcold-data\tls_alternative\cesnet_tls_year22,postfilter,p2d_real_audit_window_train_10000_test_1000,10000,1000,25,tail_asymmetric,0.4,0.1248,2,Graph-CoLD-semisup,evidence_semisup,0.8325672906366307,0.0,0.12332990750256938,0.7428193752260465,0.6019736842105263,0.3611111111111111,1.0,36,13,out_of_fold_training_predictions,36,1.0,1.0,1.0,0.8696322093902451,0.8700048017810189,0.869818505585632,0.8702999438633447,1.0,1.0,130,44,36,0.0036,0.7268518518518517,0.9945169000420719,16.135112762451172,"[1, 3, 4, 5, 6, 7, 8, 10, 16, 19, 21, 23, 24]","[""1"", ""3"", ""4"", ""5"", ""6"", ""7"", ""8"", ""10"", ""16"", ""19"", ""21"", ""23"", ""24""]",ip|temporal,True,MALTLS-22
cesnet_tls_year22,CESNET-TLS-Year22,490bb4402e111c4ef752272e17d8faee44ce9ef25a0063c7c84ff4d3cb7f9084,E:\graphcold-data\tls_alternative\cesnet_tls_year22,postfilter,p2d_real_audit_window_train_10000_test_1000,10000,1000,25,tail_asymmetric,0.4,0.1248,2,Graph-CoLD,scalar_soft,0.834431779685777,0.0,0.12435765673175746,0.7425879629321884,0.5986842105263158,1.0,1.0,36,36,out_of_fold_training_predictions,36,1.0,1.0,1.0,0.8696322093902451,0.8700048017810189,0.869818505585632,0.8702999438633447,1.0,1.0,130,0,0,0.0,0.0,0.6143641999806277,17.905872344970703,"[1, 3, 4, 5, 6, 7, 8, 10, 16, 19, 21, 23, 24]","[""1"", ""3"", ""4"", ""5"", ""6"", ""7"", ""8"", ""10"", ""16"", ""19"", ""21"", ""23"", ""24""]",ip|temporal,True,MALTLS-22
cesnet_tls_year22,CESNET-TLS-Year22,490bb4402e111c4ef752272e17d8faee44ce9ef25a0063c7c84ff4d3cb7f9084,E:\graphcold-data\tls_alternative\cesnet_tls_year22,postfilter,p2d_real_audit_window_train_10000_test_1000,10000,1000,25,tail_asymmetric,0.6,0.1872,2,CoLD,cold_hard,0.6321050543769131,0.0,0.23741007194244604,0.36136799421290833,0.24013157894736842,0.0,0.0,73,0,out_of_fold_training_predictions,0,0.8730440546512345,0.8458841641888606,0.8594641094200475,0.8730440546512345,0.8458841641888606,0.8594641094200475,0.9769,0.9769,0.0,0,0,0,0.0,0.0,0.530086700047832,17.25604820251465,"[1, 3, 4, 5, 6, 7, 8, 10, 16, 19, 21, 23, 24]","[""1"", ""3"", ""4"", ""5"", ""6"", ""7"", ""8"", ""10"", ""16"", ""19"", ""21"", ""23"", ""24""]",ip|temporal,True,MALTLS-22
cesnet_tls_year22,CESNET-TLS-Year22,490bb4402e111c4ef752272e17d8faee44ce9ef25a0063c7c84ff4d3cb7f9084,E:\graphcold-data\tls_alternative\cesnet_tls_year22,postfilter,p2d_real_audit_window_train_10000_test_1000,10000,1000,25,tail_asymmetric,0.6,0.1872,2,ablation_hard,hard_deletion,0.6610955920428755,0.0,0.22918807810894143,0.41669809248091894,0.26644736842105265,0.0,0.0,73,0,out_of_fold_training_predictions,0,0.9488825338488946,0.9390613211050647,0.9439719274769797,0.9488825338488946,0.9390613211050647,0.9439719274769797,0.9868,0.9868,0.0,0,0,0,0.0,0.0,0.651875999988988,16.14472484588623,"[1, 3, 4, 5, 6, 7, 8, 10, 16, 19, 21, 23, 24]","[""1"", ""3"", ""4"", ""5"", ""6"", ""7"", ""8"", ""10"", ""16"", ""19"", ""21"", ""23"", ""24""]",ip|temporal,True,MALTLS-22
cesnet_tls_year22,CESNET-TLS-Year22,490bb4402e111c4ef752272e17d8faee44ce9ef25a0063c7c84ff4d3cb7f9084,E:\graphcold-data\tls_alternative\cesnet_tls_year22,postfilter,p2d_real_audit_window_train_10000_test_1000,10000,1000,25,tail_asymmetric,0.6,0.1872,2,Graph-CoLD-soft,scalar_soft,0.6713968221307195,0.0,0.22404933196300103,0.44147735239325614,0.28289473684210525,1.0,1.0,73,73,out_of_fold_training_predictions,73,1.0,1.0,1.0,0.8606885610266443,0.8561901720275996,0.8584393665271219,0.8725848382973033,1.0,1.0,132,0,0,0.0,0.0,0.7142884000204504,16.3080472946167,"[1, 3, 4, 5, 6, 7, 8, 10, 16, 19, 21, 23, 24]","[""1"", ""3"", ""4"", ""5"", ""6"", ""7"", ""8"", ""10"", ""16"", ""19"", ""21"", ""23"", ""24""]",ip|temporal,True,MALTLS-22
cesnet_tls_year22,CESNET-TLS-Year22,490bb4402e111c4ef752272e17d8faee44ce9ef25a0063c7c84ff4d3cb7f9084,E:\graphcold-data\tls_alternative\cesnet_tls_year22,postfilter,p2d_real_audit_window_train_10000_test_1000,10000,1000,25,tail_asymmetric,0.6,0.1872,2,Graph-CoLD-semisup,evidence_semisup,0.6749128335897818,0.0,0.22199383350462487,0.44683835372798586,0.2894736842105263,0.0684931506849315,1.0,73,5,out_of_fold_training_predictions,73,1.0,1.0,1.0,0.8606885610266443,0.8561901720275996,0.8584393665271219,0.8725848382973033,1.0,1.0,132,87,86,0.0086,0.8289728682170543,0.8990783000481315,16.242152214050293,"[1, 3, 4, 5, 6, 7, 8, 10, 16, 19, 21, 23, 24]","[""1"", ""3"", ""4"", ""5"", ""6"", ""7"", ""8"", ""10"", ""16"", ""19"", ""21"", ""23"", ""24""]",ip|temporal,True,MALTLS-22
cesnet_tls_year22,CESNET-TLS-Year22,490bb4402e111c4ef752272e17d8faee44ce9ef25a0063c7c84ff4d3cb7f9084,E:\graphcold-data\tls_alternative\cesnet_tls_year22,postfilter,p2d_real_audit_window_train_10000_test_1000,10000,1000,25,tail_asymmetric,0.6,0.1872,2,Graph-CoLD,scalar_soft,0.6713968221307195,0.0,0.22404933196300103,0.44147735239325614,0.28289473684210525,1.0,1.0,73,73,out_of_fold_training_predictions,73,1.0,1.0,1.0,0.8606885610266443,0.8561901720275996,0.8584393665271219,0.8725848382973033,1.0,1.0,132,0,0,0.0,0.0,0.555487199977506,16.157273292541504,"[1, 3, 4, 5, 6, 7, 8, 10, 16, 19, 21, 23, 24]","[""1"", ""3"", ""4"", ""5"", ""6"", ""7"", ""8"", ""10"", ""16"", ""19"", ""21"", ""23"", ""24""]",ip|temporal,True,MALTLS-22
cesnet_tls_year22,CESNET-TLS-Year22,490bb4402e111c4ef752272e17d8faee44ce9ef25a0063c7c84ff4d3cb7f9084,E:\graphcold-data\tls_alternative\cesnet_tls_year22,postfilter,p2d_real_audit_window_train_10000_test_1000,10000,1000,25,tail_asymmetric,0.8,0.2496,2,CoLD,cold_hard,0.5203980578617811,0.0,0.28365878725590954,0.14984803727827428,0.09210526315789473,0.0,0.0,148,0,out_of_fold_training_predictions,0,0.7272295337444231,0.569949251458042,0.6485893926012325,0.7272295337444231,0.569949251458042,0.6485893926012325,0.9705,0.9705,0.0,0,0,0,0.0,0.0,0.6073213000199758,13.610236167907715,"[1, 3, 4, 5, 6, 7, 8, 10, 16, 19, 21, 23, 24]","[""1"", ""3"", ""4"", ""5"", ""6"", ""7"", ""8"", ""10"", ""16"", ""19"", ""21"", ""23"", ""24""]",ip|temporal,True,MALTLS-22
cesnet_tls_year22,CESNET-TLS-Year22,490bb4402e111c4ef752272e17d8faee44ce9ef25a0063c7c84ff4d3cb7f9084,E:\graphcold-data\tls_alternative\cesnet_tls_year22,postfilter,p2d_real_audit_window_train_10000_test_1000,10000,1000,25,tail_asymmetric,0.8,0.2496,2,ablation_hard,hard_deletion,0.5377762936710541,0.0,0.2795477903391572,0.1817995707348245,0.10526315789473684,0.0,0.0,148,0,out_of_fold_training_predictions,0,0.8432530284993434,0.7540542615083835,0.7986536450038635,0.8432530284993434,0.7540542615083835,0.7986536450038635,0.9804,0.9804,0.0,0,0,0,0.0,0.0,0.627557199972216,16.078609466552734,"[1, 3, 4, 5, 6, 7, 8, 10, 16, 19, 21, 23, 24]","[""1"", ""3"", ""4"", ""5"", ""6"", ""7"", ""8"", ""10"", ""16"", ""19"", ""21"", ""23"", ""24""]",ip|temporal,True,MALTLS-22
cesnet_tls_year22,CESNET-TLS-Year22,490bb4402e111c4ef752272e17d8faee44ce9ef25a0063c7c84ff4d3cb7f9084,E:\graphcold-data\tls_alternative\cesnet_tls_year22,postfilter,p2d_real_audit_window_train_10000_test_1000,10000,1000,25,tail_asymmetric,0.8,0.2496,2,Graph-CoLD-soft,scalar_soft,0.5609800802597013,0.0,0.2723535457348407,0.22612601026250237,0.12828947368421054,1.0,1.0,148,148,out_of_fold_training_predictions,148,1.0,1.0,1.0,0.8524660996967915,0.8365547670036859,0.8445104333502387,0.8751441629041142,1.0,1.0,196,0,0,0.0,0.0,0.6391920000314713,17.71439552307129,"[1, 3, 4, 5, 6, 7, 8, 10, 16, 19, 21, 23, 24]","[""1"", ""3"", ""4"", ""5"", ""6"", ""7"", ""8"", ""10"", ""16"", ""19"", ""21"", ""23"", ""24""]",ip|temporal,True,MALTLS-22
cesnet_tls_year22,CESNET-TLS-Year22,490bb4402e111c4ef752272e17d8faee44ce9ef25a0063c7c84ff4d3cb7f9084,E:\graphcold-data\tls_alternative\cesnet_tls_year22,postfilter,p2d_real_audit_window_train_10000_test_1000,10000,1000,25,tail_asymmetric,0.8,0.2496,2,Graph-CoLD-semisup,evidence_semisup,0.539964097720081,0.0,0.27852004110996914,0.18728138450442935,0.10855263157894737,0.006756756756756757,1.0,148,1,out_of_fold_training_predictions,148,1.0,1.0,1.0,0.8524660996967915,0.8365547670036859,0.8445104333502387,0.8751441629041142,1.0,1.0,196,163,161,0.0161,0.943840579710145,0.9234579000039957,18.011234283447266,"[1, 3, 4, 5, 6, 7, 8, 10, 16, 19, 21, 23, 24]","[""1"", ""3"", ""4"", ""5"", ""6"", ""7"", ""8"", ""10"", ""16"", ""19"", ""21"", ""23"", ""24""]",ip|temporal,True,MALTLS-22
cesnet_tls_year22,CESNET-TLS-Year22,490bb4402e111c4ef752272e17d8faee44ce9ef25a0063c7c84ff4d3cb7f9084,E:\graphcold-data\tls_alternative\cesnet_tls_year22,postfilter,p2d_real_audit_window_train_10000_test_1000,10000,1000,25,tail_asymmetric,0.8,0.2496,2,Graph-CoLD,scalar_soft,0.5609800802597013,0.0,0.2723535457348407,0.22612601026250237,0.12828947368421054,1.0,1.0,148,148,out_of_fold_training_predictions,148,1.0,1.0,1.0,0.8524660996967915,0.8365547670036859,0.8445104333502387,0.8751441629041142,1.0,1.0,196,0,0,0.0,0.0,0.6221057000220753,16.051713943481445,"[1, 3, 4, 5, 6, 7, 8, 10, 16, 19, 21, 23, 24]","[""1"", ""3"", ""4"", ""5"", ""6"", ""7"", ""8"", ""10"", ""16"", ""19"", ""21"", ""23"", ""24""]",ip|temporal,True,MALTLS-22
unsw_nb15,UNSW-NB15,d38d8600ba4804a45f57b0ad16114b0d9f2971c875ed4a00ba8dc1a2b7278232,E:\graphcold-data\unsw_nb15,postfilter,p2d_real_audit_window_train_10000_test_1000,10000,1000,9,tail_asymmetric,0.4,0.0396,0,CoLD,cold_hard,0.5021543944247139,0.0,0.019877675840978593,0.19047619047619047,0.4444444444444444,0.0,0.0,178,0,out_of_fold_training_predictions,0,0.6464826627666141,0.5450765143512072,0.5957795885589107,0.6464826627666141,0.5450765143512072,0.5957795885589107,0.9341,0.9341,0.0,0,0,0,0.0,0.0,0.6558075999491848,10.81972885131836,"[1, 2, 7, 8]","[""1"", ""2"", ""7"", ""8""]",temporal|process,True,
unsw_nb15,UNSW-NB15,d38d8600ba4804a45f57b0ad16114b0d9f2971c875ed4a00ba8dc1a2b7278232,E:\graphcold-data\unsw_nb15,postfilter,p2d_real_audit_window_train_10000_test_1000,10000,1000,9,tail_asymmetric,0.4,0.0396,0,ablation_hard,hard_deletion,0.5070599048549294,0.0,0.01834862385321101,0.175,0.3888888888888889,0.0,0.0,178,0,out_of_fold_training_predictions,0,0.7651618485785461,0.7025482476234403,0.7338550481009931,0.7651618485785461,0.7025482476234403,0.7338550481009931,0.9436,0.9436,0.0,0,0,0,0.0,0.0,0.6497014000196941,10.804553031921387,"[1, 2, 7, 8]","[""1"", ""2"", ""7"", ""8""]",temporal|process,True,
unsw_nb15,UNSW-NB15,d38d8600ba4804a45f57b0ad16114b0d9f2971c875ed4a00ba8dc1a2b7278232,E:\graphcold-data\unsw_nb15,postfilter,p2d_real_audit_window_train_10000_test_1000,10000,1000,9,tail_asymmetric,0.4,0.0396,0,Graph-CoLD-soft,scalar_soft,0.48203419298122147,0.0,0.047400611620795105,0.16233766233766234,0.3472222222222222,0.9606741573033708,1.0,178,171,out_of_fold_training_predictions,178,1.0,1.0,1.0,0.8012327272295359,0.7896254414142136,0.7954290843218748,0.8453263946247829,1.0,1.0,564,0,0,0.0,0.0,0.6408690999960527,6.293474197387695,"[1, 2, 7, 8]","[""1"", ""2"", ""7"", ""8""]",temporal|process,True,
unsw_nb15,UNSW-NB15,d38d8600ba4804a45f57b0ad16114b0d9f2971c875ed4a00ba8dc1a2b7278232,E:\graphcold-data\unsw_nb15,postfilter,p2d_real_audit_window_train_10000_test_1000,10000,1000,9,tail_asymmetric,0.4,0.0396,0,Graph-CoLD-semisup,evidence_semisup,0.49103624106366106,0.0,0.039755351681957186,0.16666666666666666,0.3611111111111111,0.2808988764044944,1.0,178,50,out_of_fold_training_predictions,178,1.0,1.0,1.0,0.8012327272295359,0.7896254414142136,0.7954290843218748,0.8453263946247829,1.0,1.0,564,361,303,0.0303,0.7619772826854672,1.0039088999619707,10.4517240524292,"[1, 2, 7, 8]","[""1"", ""2"", ""7"", ""8""]",temporal|process,True,
unsw_nb15,UNSW-NB15,d38d8600ba4804a45f57b0ad16114b0d9f2971c875ed4a00ba8dc1a2b7278232,E:\graphcold-data\unsw_nb15,postfilter,p2d_real_audit_window_train_10000_test_1000,10000,1000,9,tail_asymmetric,0.4,0.0396,0,Graph-CoLD,scalar_soft,0.48203419298122147,0.0,0.047400611620795105,0.16233766233766234,0.3472222222222222,0.9606741573033708,1.0,178,171,out_of_fold_training_predictions,178,1.0,1.0,1.0,0.8012327272295359,0.7896254414142136,0.7954290843218748,0.8453263946247829,1.0,1.0,564,0,0,0.0,0.0,0.6820461000315845,6.221952438354492,"[1, 2, 7, 8]","[""1"", ""2"", ""7"", ""8""]",temporal|process,True,
unsw_nb15,UNSW-NB15,d38d8600ba4804a45f57b0ad16114b0d9f2971c875ed4a00ba8dc1a2b7278232,E:\graphcold-data\unsw_nb15,postfilter,p2d_real_audit_window_train_10000_test_1000,10000,1000,9,tail_asymmetric,0.6,0.0595,0,CoLD,cold_hard,0.4756594325729861,0.002890173410404624,0.05198776758409786,0.11538461538461539,0.20833333333333334,0.0,0.0,157,0,out_of_fold_training_predictions,0,0.6471598387847199,0.5202875113387282,0.5837236750617241,0.6471598387847199,0.5202875113387282,0.5837236750617241,0.9385,0.9385,0.0,0,0,0,0.0,0.0,0.6383555999491364,11.20610237121582,"[1, 2, 7, 8]","[""1"", ""2"", ""7"", ""8""]",temporal|process,True,
unsw_nb15,UNSW-NB15,d38d8600ba4804a45f57b0ad16114b0d9f2971c875ed4a00ba8dc1a2b7278232,E:\graphcold-data\unsw_nb15,postfilter,p2d_real_audit_window_train_10000_test_1000,10000,1000,9,tail_asymmetric,0.6,0.0595,0,ablation_hard,hard_deletion,0.48325410052051965,0.0,0.05963302752293578,0.12686567164179105,0.2361111111111111,0.0,0.0,157,0,out_of_fold_training_predictions,0,0.7682613816397923,0.6886831118803585,0.7284722467600754,0.7682613816397923,0.6886831118803585,0.7284722467600754,0.948,0.948,0.0,0,0,0,0.0,0.0,0.5426053999690339,10.895890235900879,"[1, 2, 7, 8]","[""1"", ""2"", ""7"", ""8""]",temporal|process,True,
unsw_nb15,UNSW-NB15,d38d8600ba4804a45f57b0ad16114b0d9f2971c875ed4a00ba8dc1a2b7278232,E:\graphcold-data\unsw_nb15,postfilter,p2d_real_audit_window_train_10000_test_1000,10000,1000,9,tail_asymmetric,0.6,0.0595,0,Graph-CoLD-soft,scalar_soft,0.49486760570552757,0.0,0.05963302752293578,0.1824212271973466,0.25,0.9872611464968153,1.0,157,155,out_of_fold_training_predictions,157,1.0,1.0,1.0,0.7694686788551661,0.7404230862493639,0.754945882552265,0.8440237692086988,1.0,1.0,520,0,0,0.0,0.0,0.6281705999863334,6.230098724365234,"[1, 2, 7, 8]","[""1"", ""2"", ""7"", ""8""]",temporal|process,True,
unsw_nb15,UNSW-NB15,d38d8600ba4804a45f57b0ad16114b0d9f2971c875ed4a00ba8dc1a2b7278232,E:\graphcold-data\unsw_nb15,postfilter,p2d_real_audit_window_train_10000_test_1000,10000,1000,9,tail_asymmetric,0.6,0.0595,0,Graph-CoLD-semisup,evidence_semisup,0.48216575923309324,0.0,0.06116207951070336,0.1323529411764706,0.25,0.15286624203821655,1.0,157,24,out_of_fold_training_predictions,157,1.0,1.0,1.0,0.7694686788551661,0.7404230862493639,0.754945882552265,0.8440237692086988,1.0,1.0,520,346,292,0.0292,0.7477220094297311,0.9423661000328138,10.742196083068848,"[1, 2, 7, 8]","[""1"", ""2"", ""7"", ""8""]",temporal|process,True,
unsw_nb15,UNSW-NB15,d38d8600ba4804a45f57b0ad16114b0d9f2971c875ed4a00ba8dc1a2b7278232,E:\graphcold-data\unsw_nb15,postfilter,p2d_real_audit_window_train_10000_test_1000,10000,1000,9,tail_asymmetric,0.6,0.0595,0,Graph-CoLD,scalar_soft,0.49486760570552757,0.0,0.05963302752293578,0.1824212271973466,0.25,0.9872611464968153,1.0,157,155,out_of_fold_training_predictions,157,1.0,1.0,1.0,0.7694686788551661,0.7404230862493639,0.754945882552265,0.8440237692086988,1.0,1.0,520,0,0,0.0,0.0,0.6121161000337452,6.227490425109863,"[1, 2, 7, 8]","[""1"", ""2"", ""7"", ""8""]",temporal|process,True,
unsw_nb15,UNSW-NB15,d38d8600ba4804a45f57b0ad16114b0d9f2971c875ed4a00ba8dc1a2b7278232,E:\graphcold-data\unsw_nb15,postfilter,p2d_real_audit_window_train_10000_test_1000,10000,1000,9,tail_asymmetric,0.8,0.0793,0,CoLD,cold_hard,0.41786087923413995,0.0,0.09480122324159021,0.0,0.0,0.0,0.0,113,0,out_of_fold_training_predictions,0,0.6451750028983446,0.47080700173026474,0.5579910023143047,0.6451750028983446,0.47080700173026474,0.5579910023143047,0.9422,0.9422,0.0,0,0,0,0.0,0.0,0.7355662999907508,10.942112922668457,"[1, 2, 7, 8]","[""1"", ""2"", ""7"", ""8""]",temporal|process,True,
unsw_nb15,UNSW-NB15,d38d8600ba4804a45f57b0ad16114b0d9f2971c875ed4a00ba8dc1a2b7278232,E:\graphcold-data\unsw_nb15,postfilter,p2d_real_audit_window_train_10000_test_1000,10000,1000,9,tail_asymmetric,0.8,0.0793,0,ablation_hard,hard_deletion,0.4301838006117548,0.0,0.10550458715596331,0.00980392156862745,0.013888888888888888,0.0,0.0,113,0,out_of_fold_training_predictions,0,0.7743680154845665,0.669312328030415,0.7218401717574907,0.7743680154845665,0.669312328030415,0.7218401717574907,0.9518,0.9518,0.0,0,0,0,0.0,0.0,0.6348381999996491,11.189202308654785,"[1, 2, 7, 8]","[""1"", ""2"", ""7"", ""8""]",temporal|process,True,
unsw_nb15,UNSW-NB15,d38d8600ba4804a45f57b0ad16114b0d9f2971c875ed4a00ba8dc1a2b7278232,E:\graphcold-data\unsw_nb15,postfilter,p2d_real_audit_window_train_10000_test_1000,10000,1000,9,tail_asymmetric,0.8,0.0793,0,Graph-CoLD-soft,scalar_soft,0.4293575066888641,0.0,0.10091743119266056,0.02830188679245283,0.041666666666666664,0.9911504424778761,1.0,113,112,out_of_fold_training_predictions,113,1.0,1.0,1.0,0.7764456879408619,0.7407047408436281,0.7585752143922451,0.8455979390233246,1.0,1.0,482,0,0,0.0,0.0,0.7126459999708459,6.306735038757324,"[1, 2, 7, 8]","[""1"", ""2"", ""7"", ""8""]",temporal|process,True,
unsw_nb15,UNSW-NB15,d38d8600ba4804a45f57b0ad16114b0d9f2971c875ed4a00ba8dc1a2b7278232,E:\graphcold-data\unsw_nb15,postfilter,p2d_real_audit_window_train_10000_test_1000,10000,1000,9,tail_asymmetric,0.8,0.0793,0,Graph-CoLD-semisup,evidence_semisup,0.4296197623178071,0.0,0.09785932721712538,0.00980392156862745,0.013888888888888888,0.08849557522123894,1.0,113,10,out_of_fold_training_predictions,113,1.0,1.0,1.0,0.7764456879408619,0.7407047408436281,0.7585752143922451,0.8455979390233246,1.0,1.0,482,315,279,0.0279,0.786609094898807,0.9954916999558918,10.80578899383545,"[1, 2, 7, 8]","[""1"", ""2"", ""7"", ""8""]",temporal|process,True,
unsw_nb15,UNSW-NB15,d38d8600ba4804a45f57b0ad16114b0d9f2971c875ed4a00ba8dc1a2b7278232,E:\graphcold-data\unsw_nb15,postfilter,p2d_real_audit_window_train_10000_test_1000,10000,1000,9,tail_asymmetric,0.8,0.0793,0,Graph-CoLD,scalar_soft,0.4293575066888641,0.0,0.10091743119266056,0.02830188679245283,0.041666666666666664,0.9911504424778761,1.0,113,112,out_of_fold_training_predictions,113,1.0,1.0,1.0,0.7764456879408619,0.7407047408436281,0.7585752143922451,0.8455979390233246,1.0,1.0,482,0,0,0.0,0.0,0.6028944000136107,6.420748710632324,"[1, 2, 7, 8]","[""1"", ""2"", ""7"", ""8""]",temporal|process,True,
unsw_nb15,UNSW-NB15,d38d8600ba4804a45f57b0ad16114b0d9f2971c875ed4a00ba8dc1a2b7278232,E:\graphcold-data\unsw_nb15,postfilter,p2d_real_audit_window_train_10000_test_1000,10000,1000,9,tail_asymmetric,0.4,0.0396,1,CoLD,cold_hard,0.4935014737948868,0.0,0.025954198473282442,0.16883116883116883,0.3611111111111111,0.0,0.0,167,0,out_of_fold_training_predictions,0,0.685998507671923,0.5614361495749657,0.6237173286234443,0.685998507671923,0.5614361495749657,0.6237173286234443,0.9325,0.9325,0.0,0,0,0,0.0,0.0,0.66651459998684,10.797728538513184,"[1, 2, 7, 8]","[""1"", ""2"", ""7"", ""8""]",temporal|process,True,
unsw_nb15,UNSW-NB15,d38d8600ba4804a45f57b0ad16114b0d9f2971c875ed4a00ba8dc1a2b7278232,E:\graphcold-data\unsw_nb15,postfilter,p2d_real_audit_window_train_10000_test_1000,10000,1000,9,tail_asymmetric,0.4,0.0396,1,ablation_hard,hard_deletion,0.5349278409570687,0.002898550724637681,0.02748091603053435,0.2543859649122807,0.375,0.0,0.0,167,0,out_of_fold_training_predictions,0,0.7888961359232329,0.7132836072950504,0.7510898716091416,0.7888961359232329,0.7132836072950504,0.7510898716091416,0.942,0.942,0.0,0,0,0,0.0,0.0,0.6045230999588966,11.058452606201172,"[1, 2, 7, 8]","[""1"", ""2"", ""7"", ""8""]",temporal|process,True,
unsw_nb15,UNSW-NB15,d38d8600ba4804a45f57b0ad16114b0d9f2971c875ed4a00ba8dc1a2b7278232,E:\graphcold-data\unsw_nb15,postfilter,p2d_real_audit_window_train_10000_test_1000,10000,1000,9,tail_asymmetric,0.4,0.0396,1,Graph-CoLD-soft,scalar_soft,0.5139342116333698,0.005797101449275362,0.03206106870229008,0.1875,0.4166666666666667,0.9700598802395209,1.0,167,162,out_of_fold_training_predictions,167,1.0,1.0,1.0,0.7967388133273309,0.7747868809240848,0.7857628471257079,0.8440157866294073,1.0,1.0,580,0,0,0.0,0.0,0.6840606000041589,6.35311222076416,"[1, 2, 7, 8]","[""1"", ""2"", ""7"", ""8""]",temporal|process,True,
unsw_nb15,UNSW-NB15,d38d8600ba4804a45f57b0ad16114b0d9f2971c875ed4a00ba8dc1a2b7278232,E:\graphcold-data\unsw_nb15,postfilter,p2d_real_audit_window_train_10000_test_1000,10000,1000,9,tail_asymmetric,0.4,0.0396,1,Graph-CoLD-semisup,evidence_semisup,0.4823147517386918,0.0,0.030534351145038167,0.15753424657534246,0.3194444444444444,0.23353293413173654,1.0,167,39,out_of_fold_training_predictions,167,1.0,1.0,1.0,0.7967388133273309,0.7747868809240848,0.7857628471257079,0.8440157866294073,1.0,1.0,580,365,310,0.031,0.765495806852033,0.8901473999721929,10.867234230041504,"[1, 2, 7, 8]","[""1"", ""2"", ""7"", ""8""]",temporal|process,True,
unsw_nb15,UNSW-NB15,d38d8600ba4804a45f57b0ad16114b0d9f2971c875ed4a00ba8dc1a2b7278232,E:\graphcold-data\unsw_nb15,postfilter,p2d_real_audit_window_train_10000_test_1000,10000,1000,9,tail_asymmetric,0.4,0.0396,1,Graph-CoLD,scalar_soft,0.5139342116333698,0.005797101449275362,0.03206106870229008,0.1875,0.4166666666666667,0.9700598802395209,1.0,167,162,out_of_fold_training_predictions,167,1.0,1.0,1.0,0.7967388133273309,0.7747868809240848,0.7857628471257079,0.8440157866294073,1.0,1.0,580,0,0,0.0,0.0,0.623623099992983,6.348889350891113,"[1, 2, 7, 8]","[""1"", ""2"", ""7"", ""8""]",temporal|process,True,
unsw_nb15,UNSW-NB15,d38d8600ba4804a45f57b0ad16114b0d9f2971c875ed4a00ba8dc1a2b7278232,E:\graphcold-data\unsw_nb15,postfilter,p2d_real_audit_window_train_10000_test_1000,10000,1000,9,tail_asymmetric,0.6,0.0595,1,CoLD,cold_hard,0.48304664088049193,0.0,0.051908396946564885,0.12686567164179105,0.2361111111111111,0.0,0.0,150,0,out_of_fold_training_predictions,0,0.6804633202235192,0.5301220954806983,0.6052927078521088,0.6804633202235192,0.5301220954806983,0.6052927078521088,0.9342,0.9342,0.0,0,0,0,0.0,0.0,0.6100233999895863,10.993343353271484,"[1, 2, 7, 8]","[""1"", ""2"", ""7"", ""8""]",temporal|process,True,
unsw_nb15,UNSW-NB15,d38d8600ba4804a45f57b0ad16114b0d9f2971c875ed4a00ba8dc1a2b7278232,E:\graphcold-data\unsw_nb15,postfilter,p2d_real_audit_window_train_10000_test_1000,10000,1000,9,tail_asymmetric,0.6,0.0595,1,ablation_hard,hard_deletion,0.49030895070846053,0.002898550724637681,0.04580152671755725,0.1323529411764706,0.25,0.0,0.0,150,0,out_of_fold_training_predictions,0,0.790712445928554,0.6971022606731953,0.7439073533008747,0.790712445928554,0.6971022606731953,0.7439073533008747,0.9437,0.9437,0.0,0,0,0,0.0,0.0,0.5754482000484131,11.014655113220215,"[1, 2, 7, 8]","[""1"", ""2"", ""7"", ""8""]",temporal|process,True,
unsw_nb15,UNSW-NB15,d38d8600ba4804a45f57b0ad16114b0d9f2971c875ed4a00ba8dc1a2b7278232,E:\graphcold-data\unsw_nb15,postfilter,p2d_real_audit_window_train_10000_test_1000,10000,1000,9,tail_asymmetric,0.6,0.0595,1,Graph-CoLD-soft,scalar_soft,0.48514946763525096,0.0,0.061068702290076333,0.14285714285714285,0.2777777777777778,0.9866666666666667,1.0,150,148,out_of_fold_training_predictions,150,1.0,1.0,1.0,0.7921013764330178,0.7621887528459586,0.7771450646394882,0.8435427966724088,1.0,1.0,563,0,0,0.0,0.0,0.5954781000036746,6.222231864929199,"[1, 2, 7, 8]","[""1"", ""2"", ""7"", ""8""]",temporal|process,True,
unsw_nb15,UNSW-NB15,d38d8600ba4804a45f57b0ad16114b0d9f2971c875ed4a00ba8dc1a2b7278232,E:\graphcold-data\unsw_nb15,postfilter,p2d_real_audit_window_train_10000_test_1000,10000,1000,9,tail_asymmetric,0.6,0.0595,1,Graph-CoLD-semisup,evidence_semisup,0.4996566984529393,0.005797101449275362,0.05343511450381679,0.1984126984126984,0.2916666666666667,0.19333333333333333,1.0,150,29,out_of_fold_training_predictions,150,1.0,1.0,1.0,0.7921013764330178,0.7621887528459586,0.7771450646394882,0.8435427966724088,1.0,1.0,563,350,301,0.0301,0.7584690082088251,0.9384149999823421,10.91364860534668,"[1, 2, 7, 8]","[""1"", ""2"", ""7"", ""8""]",temporal|process,True,
unsw_nb15,UNSW-NB15,d38d8600ba4804a45f57b0ad16114b0d9f2971c875ed4a00ba8dc1a2b7278232,E:\graphcold-data\unsw_nb15,postfilter,p2d_real_audit_window_train_10000_test_1000,10000,1000,9,tail_asymmetric,0.6,0.0595,1,Graph-CoLD,scalar_soft,0.48514946763525096,0.0,0.061068702290076333,0.14285714285714285,0.2777777777777778,0.9866666666666667,1.0,150,148,out_of_fold_training_predictions,150,1.0,1.0,1.0,0.7921013764330178,0.7621887528459586,0.7771450646394882,0.8435427966724088,1.0,1.0,563,0,0,0.0,0.0,0.5726446000044234,6.22983455657959,"[1, 2, 7, 8]","[""1"", ""2"", ""7"", ""8""]",temporal|process,True,
unsw_nb15,UNSW-NB15,d38d8600ba4804a45f57b0ad16114b0d9f2971c875ed4a00ba8dc1a2b7278232,E:\graphcold-data\unsw_nb15,postfilter,p2d_real_audit_window_train_10000_test_1000,10000,1000,9,tail_asymmetric,0.8,0.0793,1,CoLD,cold_hard,0.4453398006337666,0.0,0.07786259541984733,0.045454545454545456,0.06944444444444445,0.0,0.0,91,0,out_of_fold_training_predictions,0,0.692984760122009,0.5080368219649731,0.600510791043491,0.692984760122009,0.5080368219649731,0.600510791043491,0.9406,0.9406,0.0,0,0,0,0.0,0.0,0.6173501999583095,11.002592086791992,"[1, 2, 7, 8]","[""1"", ""2"", ""7"", ""8""]",temporal|process,True,
unsw_nb15,UNSW-NB15,d38d8600ba4804a45f57b0ad16114b0d9f2971c875ed4a00ba8dc1a2b7278232,E:\graphcold-data\unsw_nb15,postfilter,p2d_real_audit_window_train_10000_test_1000,10000,1000,9,tail_asymmetric,0.8,0.0793,1,ablation_hard,hard_deletion,0.42988707726517555,0.002898550724637681,0.08702290076335878,0.037037037037037035,0.05555555555555555,0.0,0.0,91,0,out_of_fold_training_predictions,0,0.7996706985179658,0.6848433639505159,0.7422570312342409,0.7996706985179658,0.6848433639505159,0.7422570312342409,0.9505,0.9505,0.0,0,0,0,0.0,0.0,0.5542121999897063,11.068073272705078,"[1, 2, 7, 8]","[""1"", ""2"", ""7"", ""8""]",temporal|process,True,
unsw_nb15,UNSW-NB15,d38d8600ba4804a45f57b0ad16114b0d9f2971c875ed4a00ba8dc1a2b7278232,E:\graphcold-data\unsw_nb15,postfilter,p2d_real_audit_window_train_10000_test_1000,10000,1000,9,tail_asymmetric,0.8,0.0793,1,Graph-CoLD-soft,scalar_soft,0.4365556307155731,0.0,0.08396946564885496,0.045454545454545456,0.06944444444444445,0.978021978021978,1.0,91,89,out_of_fold_training_predictions,91,1.0,1.0,1.0,0.7952088965711479,0.7596759874494019,0.7774424420102749,0.8457579982616884,1.0,1.0,495,0,0,0.0,0.0,0.6377870999858715,6.0404558181762695,"[1, 2, 7, 8]","[""1"", ""2"", ""7"", ""8""]",temporal|process,True,
unsw_nb15,UNSW-NB15,d38d8600ba4804a45f57b0ad16114b0d9f2971c875ed4a00ba8dc1a2b7278232,E:\graphcold-data\unsw_nb15,postfilter,p2d_real_audit_window_train_10000_test_1000,10000,1000,9,tail_asymmetric,0.8,0.0793,1,Graph-CoLD-semisup,evidence_semisup,0.43069412092062503,0.0,0.09465648854961832,0.02830188679245283,0.041666666666666664,0.07692307692307693,1.0,91,7,out_of_fold_training_predictions,91,1.0,1.0,1.0,0.7952088965711479,0.7596759874494019,0.7774424420102749,0.8457579982616884,1.0,1.0,495,299,273,0.0273,0.7785768767781603,0.8423018999747001,11.384078025817871,"[1, 2, 7, 8]","[""1"", ""2"", ""7"", ""8""]",temporal|process,True,
unsw_nb15,UNSW-NB15,d38d8600ba4804a45f57b0ad16114b0d9f2971c875ed4a00ba8dc1a2b7278232,E:\graphcold-data\unsw_nb15,postfilter,p2d_real_audit_window_train_10000_test_1000,10000,1000,9,tail_asymmetric,0.8,0.0793,1,Graph-CoLD,scalar_soft,0.4365556307155731,0.0,0.08396946564885496,0.045454545454545456,0.06944444444444445,0.978021978021978,1.0,91,89,out_of_fold_training_predictions,91,1.0,1.0,1.0,0.7952088965711479,0.7596759874494019,0.7774424420102749,0.8457579982616884,1.0,1.0,495,0,0,0.0,0.0,0.5445131000014953,6.299544334411621,"[1, 2, 7, 8]","[""1"", ""2"", ""7"", ""8""]",temporal|process,True,
unsw_nb15,UNSW-NB15,d38d8600ba4804a45f57b0ad16114b0d9f2971c875ed4a00ba8dc1a2b7278232,E:\graphcold-data\unsw_nb15,postfilter,p2d_real_audit_window_train_10000_test_1000,10000,1000,9,tail_asymmetric,0.4,0.0396,2,CoLD,cold_hard,0.49456247876552273,0.0,0.027522935779816515,0.1951219512195122,0.4444444444444444,0.0,0.0,163,0,out_of_fold_training_predictions,0,0.6230920329927789,0.5344295385863119,0.5787607857895454,0.6230920329927789,0.5344295385863119,0.5787607857895454,0.9324,0.9324,0.0,0,0,0,0.0,0.0,0.6074110000045039,11.011968612670898,"[1, 2, 7, 8]","[""1"", ""2"", ""7"", ""8""]",temporal|process,True,
unsw_nb15,UNSW-NB15,d38d8600ba4804a45f57b0ad16114b0d9f2971c875ed4a00ba8dc1a2b7278232,E:\graphcold-data\unsw_nb15,postfilter,p2d_real_audit_window_train_10000_test_1000,10000,1000,9,tail_asymmetric,0.4,0.0396,2,ablation_hard,hard_deletion,0.5323134498929698,0.0,0.021406727828746176,0.27235772357723576,0.4444444444444444,0.0,0.0,163,0,out_of_fold_training_predictions,0,0.7574185757809044,0.7046885945792762,0.7310535851800903,0.7574185757809044,0.7046885945792762,0.7310535851800903,0.9419,0.9419,0.0,0,0,0,0.0,0.0,0.596913899993524,11.021129608154297,"[1, 2, 7, 8]","[""1"", ""2"", ""7"", ""8""]",temporal|process,True,
unsw_nb15,UNSW-NB15,d38d8600ba4804a45f57b0ad16114b0d9f2971c875ed4a00ba8dc1a2b7278232,E:\graphcold-data\unsw_nb15,postfilter,p2d_real_audit_window_train_10000_test_1000,10000,1000,9,tail_asymmetric,0.4,0.0396,2,Graph-CoLD-soft,scalar_soft,0.5756745366995664,0.0,0.021406727828746176,0.42268518518518516,0.4722222222222222,0.9263803680981595,1.0,163,151,out_of_fold_training_predictions,163,1.0,1.0,1.0,0.7966163349692805,0.784642357121986,0.7906293460456333,0.8433866454563135,1.0,1.0,581,0,0,0.0,0.0,0.6628986999858171,6.231196403503418,"[1, 2, 7, 8]","[""1"", ""2"", ""7"", ""8""]",temporal|process,True,
unsw_nb15,UNSW-NB15,d38d8600ba4804a45f57b0ad16114b0d9f2971c875ed4a00ba8dc1a2b7278232,E:\graphcold-data\unsw_nb15,postfilter,p2d_real_audit_window_train_10000_test_1000,10000,1000,9,tail_asymmetric,0.4,0.0396,2,Graph-CoLD-semisup,evidence_semisup,0.522006606653252,0.0,0.02599388379204893,0.27469135802469136,0.4444444444444444,0.26380368098159507,1.0,163,43,out_of_fold_training_predictions,163,1.0,1.0,1.0,0.7966163349692805,0.784642357121986,0.7906293460456333,0.8433866454563135,1.0,1.0,581,345,278,0.0278,0.7787789366677927,0.9432319999905303,10.326985359191895,"[1, 2, 7, 8]","[""1"", ""2"", ""7"", ""8""]",temporal|process,True,
unsw_nb15,UNSW-NB15,d38d8600ba4804a45f57b0ad16114b0d9f2971c875ed4a00ba8dc1a2b7278232,E:\graphcold-data\unsw_nb15,postfilter,p2d_real_audit_window_train_10000_test_1000,10000,1000,9,tail_asymmetric,0.4,0.0396,2,Graph-CoLD,scalar_soft,0.5756745366995664,0.0,0.021406727828746176,0.42268518518518516,0.4722222222222222,0.9263803680981595,1.0,163,151,out_of_fold_training_predictions,163,1.0,1.0,1.0,0.7966163349692805,0.784642357121986,0.7906293460456333,0.8433866454563135,1.0,1.0,581,0,0,0.0,0.0,0.6230239999713376,6.229741096496582,"[1, 2, 7, 8]","[""1"", ""2"", ""7"", ""8""]",temporal|process,True,
unsw_nb15,UNSW-NB15,d38d8600ba4804a45f57b0ad16114b0d9f2971c875ed4a00ba8dc1a2b7278232,E:\graphcold-data\unsw_nb15,postfilter,p2d_real_audit_window_train_10000_test_1000,10000,1000,9,tail_asymmetric,0.6,0.0595,2,CoLD,cold_hard,0.4588537073726435,0.0,0.0672782874617737,0.11363636363636363,0.20833333333333334,0.0,0.0,161,0,out_of_fold_training_predictions,0,0.6044260771445957,0.484196107358091,0.5443110922513433,0.6044260771445957,0.484196107358091,0.5443110922513433,0.9327,0.9327,0.0,0,0,0,0.0,0.0,0.6036258999956772,10.91122817993164,"[1, 2, 7, 8]","[""1"", ""2"", ""7"", ""8""]",temporal|process,True,
unsw_nb15,UNSW-NB15,d38d8600ba4804a45f57b0ad16114b0d9f2971c875ed4a00ba8dc1a2b7278232,E:\graphcold-data\unsw_nb15,postfilter,p2d_real_audit_window_train_10000_test_1000,10000,1000,9,tail_asymmetric,0.6,0.0595,2,ablation_hard,hard_deletion,0.45804164424086696,0.0,0.05657492354740061,0.1357142857142857,0.2638888888888889,0.0,0.0,161,0,out_of_fold_training_predictions,0,0.7410630696234598,0.6686931018915031,0.7048780857574815,0.7410630696234598,0.6686931018915031,0.7048780857574815,0.9422,0.9422,0.0,0,0,0,0.0,0.0,0.5275490999920294,10.80339241027832,"[1, 2, 7, 8]","[""1"", ""2"", ""7"", ""8""]",temporal|process,True,
unsw_nb15,UNSW-NB15,d38d8600ba4804a45f57b0ad16114b0d9f2971c875ed4a00ba8dc1a2b7278232,E:\graphcold-data\unsw_nb15,postfilter,p2d_real_audit_window_train_10000_test_1000,10000,1000,9,tail_asymmetric,0.6,0.0595,2,Graph-CoLD-soft,scalar_soft,0.4801883095591139,0.0,0.06116207951070336,0.2027363184079602,0.2361111111111111,0.968944099378882,1.0,161,156,out_of_fold_training_predictions,161,1.0,1.0,1.0,0.7893663698759901,0.7729122725615322,0.7811393212187612,0.8431865771329611,1.0,1.0,578,0,0,0.0,0.0,0.5440885999705642,5.682097434997559,"[1, 2, 7, 8]","[""1"", ""2"", ""7"", ""8""]",temporal|process,True,
unsw_nb15,UNSW-NB15,d38d8600ba4804a45f57b0ad16114b0d9f2971c875ed4a00ba8dc1a2b7278232,E:\graphcold-data\unsw_nb15,postfilter,p2d_real_audit_window_train_10000_test_1000,10000,1000,9,tail_asymmetric,0.6,0.0595,2,Graph-CoLD-semisup,evidence_semisup,0.4642955413567375,0.0,0.06880733944954129,0.11363636363636363,0.20833333333333334,0.19875776397515527,1.0,161,32,out_of_fold_training_predictions,161,1.0,1.0,1.0,0.7893663698759901,0.7729122725615322,0.7811393212187612,0.8431865771329611,1.0,1.0,578,353,292,0.0292,0.7686102735062853,0.8366838000365533,10.774893760681152,"[1, 2, 7, 8]","[""1"", ""2"", ""7"", ""8""]",temporal|process,True,
unsw_nb15,UNSW-NB15,d38d8600ba4804a45f57b0ad16114b0d9f2971c875ed4a00ba8dc1a2b7278232,E:\graphcold-data\unsw_nb15,postfilter,p2d_real_audit_window_train_10000_test_1000,10000,1000,9,tail_asymmetric,0.6,0.0595,2,Graph-CoLD,scalar_soft,0.4801883095591139,0.0,0.06116207951070336,0.2027363184079602,0.2361111111111111,0.968944099378882,1.0,161,156,out_of_fold_training_predictions,161,1.0,1.0,1.0,0.7893663698759901,0.7729122725615322,0.7811393212187612,0.8431865771329611,1.0,1.0,578,0,0,0.0,0.0,0.5723331999615766,6.2984619140625,"[1, 2, 7, 8]","[""1"", ""2"", ""7"", ""8""]",temporal|process,True,
unsw_nb15,UNSW-NB15,d38d8600ba4804a45f57b0ad16114b0d9f2971c875ed4a00ba8dc1a2b7278232,E:\graphcold-data\unsw_nb15,postfilter,p2d_real_audit_window_train_10000_test_1000,10000,1000,9,tail_asymmetric,0.8,0.0793,2,CoLD,cold_hard,0.40564074299462205,0.0,0.09785932721712538,0.0,0.0,0.0,0.0,105,0,out_of_fold_training_predictions,0,0.5980429330645906,0.4271064270409869,0.5125746800527887,0.5980429330645906,0.4271064270409869,0.5125746800527887,0.9391,0.9391,0.0,0,0,0,0.0,0.0,0.6337702999589965,10.910969734191895,"[1, 2, 7, 8]","[""1"", ""2"", ""7"", ""8""]",temporal|process,True,
unsw_nb15,UNSW-NB15,d38d8600ba4804a45f57b0ad16114b0d9f2971c875ed4a00ba8dc1a2b7278232,E:\graphcold-data\unsw_nb15,postfilter,p2d_real_audit_window_train_10000_test_1000,10000,1000,9,tail_asymmetric,0.8,0.0793,2,ablation_hard,hard_deletion,0.4442558951330271,0.0,0.0871559633027523,0.08064516129032258,0.1388888888888889,0.0,0.0,105,0,out_of_fold_training_predictions,0,0.7499314533563083,0.6539872679615587,0.7019593606589335,0.7499314533563083,0.6539872679615587,0.7019593606589335,0.9486,0.9486,0.0,0,0,0,0.0,0.0,0.6113356999703683,11.16006088256836,"[1, 2, 7, 8]","[""1"", ""2"", ""7"", ""8""]",temporal|process,True,
unsw_nb15,UNSW-NB15,d38d8600ba4804a45f57b0ad16114b0d9f2971c875ed4a00ba8dc1a2b7278232,E:\graphcold-data\unsw_nb15,postfilter,p2d_real_audit_window_train_10000_test_1000,10000,1000,9,tail_asymmetric,0.8,0.0793,2,Graph-CoLD-soft,scalar_soft,0.4802699115795156,0.0,0.0963302752293578,0.191025641025641,0.20833333333333334,0.9809523809523809,1.0,105,103,out_of_fold_training_predictions,105,1.0,1.0,1.0,0.7646189453977704,0.7311825302708306,0.7479007378343006,0.8432263806336032,1.0,1.0,514,0,0,0.0,0.0,0.6547073000110686,6.1190643310546875,"[1, 2, 7, 8]","[""1"", ""2"", ""7"", ""8""]",temporal|process,True,
unsw_nb15,UNSW-NB15,d38d8600ba4804a45f57b0ad16114b0d9f2971c875ed4a00ba8dc1a2b7278232,E:\graphcold-data\unsw_nb15,postfilter,p2d_real_audit_window_train_10000_test_1000,10000,1000,9,tail_asymmetric,0.8,0.0793,2,Graph-CoLD-semisup,evidence_semisup,0.4288915106707429,0.0,0.10091743119266056,0.0603448275862069,0.09722222222222222,0.12380952380952381,1.0,105,13,out_of_fold_training_predictions,105,1.0,1.0,1.0,0.7646189453977704,0.7311825302708306,0.7479007378343006,0.8432263806336032,1.0,1.0,514,307,266,0.0266,0.7800573007867158,1.0652530000079423,10.796775817871094,"[1, 2, 7, 8]","[""1"", ""2"", ""7"", ""8""]",temporal|process,True,
unsw_nb15,UNSW-NB15,d38d8600ba4804a45f57b0ad16114b0d9f2971c875ed4a00ba8dc1a2b7278232,E:\graphcold-data\unsw_nb15,postfilter,p2d_real_audit_window_train_10000_test_1000,10000,1000,9,tail_asymmetric,0.8,0.0793,2,Graph-CoLD,scalar_soft,0.4802699115795156,0.0,0.0963302752293578,0.191025641025641,0.20833333333333334,0.9809523809523809,1.0,105,103,out_of_fold_training_predictions,105,1.0,1.0,1.0,0.7646189453977704,0.7311825302708306,0.7479007378343006,0.8432263806336032,1.0,1.0,514,0,0,0.0,0.0,0.6376554999733344,6.228758811950684,"[1, 2, 7, 8]","[""1"", ""2"", ""7"", ""8""]",temporal|process,True,
